account_id,account_name,industry,country,signup_date,referral_source,plan_tier,seats,is_trial,churn_flag,total_usage_count,avg_usage_count,total_usage_duration_secs,avg_usage_duration_secs,total_errors,avg_errors,unique_features_used,beta_feature_usage,has_escalation,risk_score,risk_segment
A-2e4581,Company_0,EdTech,US,2024-10-16,partner,Basic,9,False,False,535,9.727272727272727,152339,2769.8,38,0.6909090909090909,27,4,False,1,Low Risk
A-43a9e3,Company_1,FinTech,IN,2023-08-17,other,Basic,18,False,True,355,10.142857142857142,101136,2889.6,14,0.4,23,2,False,0,Low Risk
A-0a282f,Company_2,DevTools,US,2024-08-27,organic,Basic,1,False,False,821,9.891566265060241,251210,3026.626506024096,48,0.5783132530120482,34,5,False,4,High Risk
A-1f0ac7,Company_3,HealthTech,UK,2023-08-27,other,Basic,24,True,False,382,9.317073170731707,102528,2500.682926829268,21,0.5121951219512195,26,5,False,1,Low Risk
A-ce550d,Company_4,HealthTech,US,2024-10-27,event,Enterprise,35,False,True,579,9.982758620689655,215779,3720.3275862068967,31,0.5344827586206896,32,4,True,3,Medium Risk
A-1b9609,Company_5,EdTech,IN,2023-10-12,ads,Enterprise,4,False,False,457,9.72340425531915,140541,2990.2340425531916,21,0.44680851063829785,28,6,False,1,Low Risk
A-a0ca4e,Company_6,Cybersecurity,US,2024-03-08,ads,Pro,11,False,False,373,9.564102564102564,116964,2999.076923076923,14,0.358974358974359,26,3,True,1,Low Risk
A-e5d6ab,Company_7,EdTech,US,2023-04-15,partner,Pro,3,False,False,382,9.317073170731707,111506,2719.6585365853657,23,0.5609756097560976,29,5,False,1,Low Risk
A-7dacce,Company_8,Cybersecurity,CA,2024-09-10,event,Enterprise,12,False,True,472,9.833333333333334,145429,3029.7708333333335,29,0.6041666666666666,27,5,False,1,Low Risk
A-10b8da,Company_9,DevTools,US,2023-05-08,partner,Enterprise,14,False,True,257,9.518518518518519,73818,2734.0,14,0.5185185185185185,23,2,False,2,Medium Risk
A-592832,Company_10,Cybersecurity,US,2024-09-25,organic,Basic,18,False,True,1053,10.425742574257425,326283,3230.5247524752476,55,0.5445544554455446,38,13,False,2,Medium Risk
A-d40bf7,Company_11,FinTech,IN,2024-11-08,organic,Basic,59,False,False,562,10.218181818181819,150186,2730.6545454545453,22,0.4,29,5,False,1,Low Risk
A-6c093d,Company_12,DevTools,US,2023-04-14,partner,Basic,7,True,False,670,10.46875,217275,3394.921875,30,0.46875,30,10,True,6,High Risk
A-462d45,Company_13,Cybersecurity,US,2024-01-15,partner,Enterprise,11,True,False,642,9.304347826086957,159561,2312.478260869565,26,0.37681159420289856,34,8,False,2,Medium Risk
A-956988,Company_14,EdTech,UK,2024-11-30,ads,Enterprise,1,False,False,658,9.4,173232,2474.7428571428572,49,0.7,32,8,False,2,Medium Risk
A-ac14bb,Company_15,FinTech,US,2023-09-08,partner,Enterprise,21,False,False,531,9.833333333333334,170826,3163.4444444444443,42,0.7777777777777778,31,7,False,2,Medium Risk
A-463db0,Company_16,HealthTech,US,2024-12-05,partner,Basic,15,False,False,367,9.91891891891892,106259,2871.864864864865,13,0.35135135135135137,25,3,True,1,Low Risk
A-ce66f8,Company_17,EdTech,CA,2023-08-23,event,Pro,29,False,False,494,10.73913043478261,133559,2903.4565217391305,19,0.41304347826086957,29,6,False,1,Low Risk
A-c4ea60,Company_18,FinTech,DE,2023-03-09,other,Enterprise,18,False,True,427,9.930232558139535,137244,3191.720930232558,18,0.4186046511627907,28,9,False,2,Medium Risk
A-832ec2,Company_19,FinTech,UK,2023-11-19,event,Enterprise,4,True,False,511,10.428571428571429,157711,3218.591836734694,25,0.5102040816326531,31,6,True,3,Medium Risk
A-684255,Company_20,FinTech,US,2024-04-14,ads,Enterprise,9,False,False,653,9.893939393939394,191849,2906.8030303030305,44,0.6666666666666666,34,15,True,3,Medium Risk
A-c42f1f,Company_21,HealthTech,US,2024-07-28,other,Pro,8,False,False,337,9.628571428571428,98383,2810.942857142857,20,0.5714285714285714,24,5,True,1,Low Risk
A-4e44e8,Company_22,DevTools,US,2024-08-20,ads,Enterprise,3,False,True,687,9.956521739130435,208387,3020.1014492753625,37,0.5362318840579711,32,8,False,4,High Risk
A-30b4ca,Company_23,EdTech,IN,2024-05-20,organic,Basic,86,False,True,402,9.571428571428571,127433,3034.1190476190477,22,0.5238095238095238,28,10,False,1,Low Risk
A-9f2731,Company_24,FinTech,IN,2024-10-04,event,Enterprise,1,False,False,324,10.125,98113,3066.03125,20,0.625,23,2,False,0,Low Risk
A-32fb14,Company_25,DevTools,US,2023-03-07,event,Enterprise,26,False,True,488,10.382978723404255,150708,3206.553191489362,19,0.40425531914893614,27,2,False,2,Medium Risk
A-00cac8,Company_26,HealthTech,AU,2023-09-15,organic,Enterprise,8,True,False,602,10.379310344827585,171366,2954.5862068965516,31,0.5344827586206896,30,7,False,3,Medium Risk
A-35083d,Company_27,HealthTech,IN,2023-04-28,partner,Basic,19,False,True,791,10.98611111111111,237055,3292.4305555555557,37,0.5138888888888888,29,7,False,2,Medium Risk
A-eb7fac,Company_28,DevTools,US,2023-10-28,organic,Enterprise,7,False,False,538,10.150943396226415,185729,3504.3207547169814,44,0.8301886792452831,27,6,False,3,Medium Risk
A-b20d99,Company_29,HealthTech,IN,2023-09-27,other,Basic,20,False,False,329,9.969696969696969,105214,3188.3030303030305,12,0.36363636363636365,22,5,False,0,Low Risk
A-396e5f,Company_30,Cybersecurity,CA,2024-10-02,other,Enterprise,2,False,False,540,9.818181818181818,175427,3189.581818181818,23,0.41818181818181815,29,5,True,2,Medium Risk
A-45ce7a,Company_31,FinTech,US,2023-07-23,ads,Enterprise,16,False,False,424,10.871794871794872,124978,3204.5641025641025,30,0.7692307692307693,21,2,False,1,Low Risk
A-08e34e,Company_32,EdTech,US,2024-06-27,event,Basic,14,False,True,651,10.333333333333334,186929,2967.126984126984,32,0.5079365079365079,34,7,False,2,Medium Risk
A-8145a0,Company_33,Cybersecurity,AU,2023-04-25,partner,Basic,2,True,False,693,10.828125,200177,3127.765625,27,0.421875,32,5,False,2,Medium Risk
A-bad8c1,Company_34,FinTech,AU,2023-03-01,organic,Basic,7,False,False,385,10.405405405405405,125675,3396.6216216216217,11,0.2972972972972973,29,6,False,1,Low Risk
A-44dc83,Company_35,EdTech,FR,2024-05-12,other,Basic,5,False,False,248,10.333333333333334,81119,3379.9583333333335,13,0.5416666666666666,16,3,False,0,Low Risk
A-f446b6,Company_36,DevTools,DE,2023-05-12,ads,Pro,5,True,False,376,9.64102564102564,127515,3269.6153846153848,31,0.7948717948717948,27,3,True,6,High Risk
A-a45270,Company_37,HealthTech,US,2024-06-24,ads,Enterprise,3,False,False,733,10.32394366197183,222582,3134.957746478873,53,0.7464788732394366,35,4,False,2,Medium Risk
A-854864,Company_38,FinTech,IN,2024-12-07,event,Enterprise,20,False,False,248,10.333333333333334,73517,3063.2083333333335,10,0.4166666666666667,17,4,False,0,Low Risk
A-1b7577,Company_39,Cybersecurity,US,2024-10-27,other,Pro,4,False,False,647,10.435483870967742,195598,3154.8064516129034,33,0.532258064516129,33,4,False,2,Medium Risk
A-05f0e5,Company_40,FinTech,US,2023-05-04,partner,Basic,32,False,False,706,10.537313432835822,207116,3091.283582089552,46,0.6865671641791045,32,9,False,2,Medium Risk
A-9077b0,Company_41,HealthTech,US,2024-08-25,ads,Basic,2,False,False,493,10.717391304347826,146301,3180.4565217391305,31,0.6739130434782609,26,5,False,1,Low Risk
A-7f8241,Company_42,EdTech,US,2023-03-14,organic,Pro,34,False,True,734,9.532467532467532,227186,2950.4675324675327,38,0.4935064935064935,34,5,False,2,Medium Risk
A-2bc93d,Company_43,HealthTech,US,2023-03-14,event,Basic,14,False,False,666,9.940298507462687,215735,3219.9253731343283,31,0.4626865671641791,33,5,False,2,Medium Risk
A-f3ff05,Company_44,FinTech,IN,2024-07-06,other,Enterprise,2,False,False,672,10.181818181818182,210327,3186.7727272727275,36,0.5454545454545454,28,4,False,2,Medium Risk
A-2d4502,Company_45,FinTech,IN,2024-04-29,event,Basic,7,False,False,465,9.893617021276595,127997,2723.340425531915,19,0.40425531914893614,29,7,False,1,Low Risk
A-6a4e2d,Company_46,EdTech,UK,2023-04-07,partner,Pro,9,False,False,597,10.11864406779661,172764,2928.2033898305085,31,0.5254237288135594,27,3,True,2,Medium Risk
A-eb7c38,Company_47,DevTools,AU,2024-02-25,organic,Enterprise,5,False,False,693,9.9,203946,2913.5142857142855,27,0.38571428571428573,33,6,False,3,Medium Risk
A-c37601,Company_48,EdTech,US,2024-10-31,partner,Basic,6,True,False,489,10.1875,131835,2746.5625,21,0.4375,28,3,False,2,Medium Risk
A-3b5cd1,Company_49,FinTech,US,2023-09-12,event,Basic,13,True,False,523,10.057692307692308,177958,3422.269230769231,24,0.46153846153846156,27,5,False,1,Low Risk
A-b2225d,Company_50,FinTech,US,2024-03-08,ads,Basic,47,False,True,696,9.534246575342467,236693,3242.3698630136987,60,0.821917808219178,34,5,False,2,Medium Risk
A-94f8c9,Company_51,HealthTech,US,2024-03-29,other,Basic,13,False,False,746,9.688311688311689,204124,2650.961038961039,63,0.8181818181818182,33,7,False,2,Medium Risk
A-02fac6,Company_52,FinTech,US,2023-04-06,event,Pro,22,False,False,514,9.69811320754717,169854,3204.7924528301887,34,0.6415094339622641,32,5,False,2,Medium Risk
A-c1dfe1,Company_53,DevTools,DE,2023-08-07,ads,Pro,26,False,False,375,9.615384615384615,127687,3274.025641025641,30,0.7692307692307693,24,4,False,4,High Risk
A-32728c,Company_54,DevTools,US,2023-01-03,event,Pro,20,False,True,418,10.195121951219512,115325,2812.8048780487807,22,0.5365853658536586,26,6,False,2,Medium Risk
A-4c38bc,Company_55,HealthTech,UK,2024-03-09,event,Basic,36,False,True,818,10.098765432098766,271358,3350.098765432099,27,0.3333333333333333,37,10,False,1,Low Risk
A-1b707d,Company_56,Cybersecurity,US,2023-07-14,organic,Enterprise,1,False,False,399,10.5,110456,2906.7368421052633,12,0.3157894736842105,27,3,False,0,Low Risk
A-6f8ad2,Company_57,EdTech,IN,2024-07-09,organic,Basic,1,False,False,924,10.5,261489,2971.465909090909,59,0.6704545454545454,38,13,False,2,Medium Risk
A-4d1e75,Company_58,DevTools,US,2024-08-21,other,Basic,20,False,False,477,9.352941176470589,148106,2904.0392156862745,25,0.49019607843137253,28,5,False,3,Medium Risk
A-9ee962,Company_59,HealthTech,US,2023-02-28,ads,Basic,9,False,True,439,11.256410256410257,120226,3082.7179487179487,17,0.4358974358974359,25,3,False,0,Low Risk
A-378b99,Company_60,EdTech,UK,2024-09-01,ads,Pro,8,True,False,565,9.741379310344827,187525,3233.189655172414,38,0.6551724137931034,33,5,False,3,Medium Risk
A-94d3da,Company_61,HealthTech,US,2023-05-03,other,Basic,41,False,False,464,9.666666666666666,150051,3126.0625,25,0.5208333333333334,29,5,False,1,Low Risk
A-e351e1,Company_62,EdTech,US,2024-09-26,other,Enterprise,33,False,False,295,10.172413793103448,102452,3532.8275862068967,22,0.7586206896551724,18,3,False,0,Low Risk
A-9badbd,Company_63,Cybersecurity,DE,2024-06-19,ads,Enterprise,5,True,False,729,10.414285714285715,220382,3148.3142857142857,45,0.6428571428571429,33,8,False,4,High Risk
A-7e0a10,Company_64,FinTech,US,2023-11-18,ads,Enterprise,46,False,False,511,10.22,173162,3463.24,35,0.7,34,5,False,2,Medium Risk
A-118d55,Company_65,Cybersecurity,US,2024-10-22,organic,Basic,8,False,False,599,9.983333333333333,168143,2802.383333333333,33,0.55,29,5,False,2,Medium Risk
A-526d93,Company_66,HealthTech,FR,2024-04-14,organic,Basic,43,False,False,565,10.089285714285714,159213,2843.089285714286,45,0.8035714285714286,28,5,True,3,Medium Risk
A-f92792,Company_67,FinTech,US,2024-07-04,ads,Pro,1,False,False,528,9.962264150943396,149124,2813.6603773584907,31,0.5849056603773585,32,6,False,2,Medium Risk
A-84ebe4,Company_68,FinTech,US,2023-03-12,ads,Pro,18,True,True,396,9.428571428571429,123655,2944.1666666666665,26,0.6190476190476191,27,7,False,1,Low Risk
A-5b4ebb,Company_69,Cybersecurity,UK,2024-07-10,other,Basic,21,True,True,692,9.885714285714286,196300,2804.285714285714,25,0.35714285714285715,34,6,False,2,Medium Risk
A-2922b6,Company_70,HealthTech,US,2024-11-14,organic,Basic,15,False,False,393,10.621621621621621,117237,3168.5675675675675,13,0.35135135135135137,27,2,False,0,Low Risk
A-9b9fe9,Company_71,EdTech,AU,2023-09-28,other,Basic,5,False,False,597,10.293103448275861,196701,3391.396551724138,22,0.3793103448275862,30,3,False,1,Low Risk
A-a8b49c,Company_72,Cybersecurity,UK,2023-10-06,partner,Basic,7,False,False,545,10.092592592592593,183399,3396.277777777778,43,0.7962962962962963,27,1,False,1,Low Risk
A-9174e0,Company_73,Cybersecurity,US,2024-12-04,partner,Basic,37,False,False,689,9.985507246376812,206138,2987.5072463768115,61,0.8840579710144928,34,6,False,2,Medium Risk
A-a1bbb6,Company_74,DevTools,CA,2023-04-05,organic,Basic,1,False,False,366,9.891891891891891,118465,3201.7567567567567,20,0.5405405405405406,23,7,False,2,Medium Risk
A-c45b23,Company_75,FinTech,UK,2023-12-08,partner,Basic,5,False,False,581,9.847457627118644,181056,3068.7457627118642,30,0.5084745762711864,32,10,False,2,Medium Risk
A-02cd81,Company_76,HealthTech,IN,2024-03-28,other,Basic,44,False,False,684,9.5,219304,3045.8888888888887,28,0.3888888888888889,31,5,True,3,Medium Risk
A-ee42db,Company_77,EdTech,DE,2023-04-25,ads,Enterprise,13,False,False,511,9.462962962962964,150876,2794.0,33,0.6111111111111112,31,6,False,3,Medium Risk
A-432483,Company_78,Cybersecurity,US,2023-02-06,ads,Pro,4,False,False,451,10.022222222222222,151460,3365.777777777778,28,0.6222222222222222,25,4,False,1,Low Risk
A-9208f0,Company_79,EdTech,US,2023-05-11,organic,Pro,1,False,True,538,10.150943396226415,158701,2994.3584905660377,31,0.5849056603773585,29,6,True,3,Medium Risk
A-98a59a,Company_80,FinTech,UK,2023-08-04,partner,Enterprise,56,False,False,455,10.340909090909092,124429,2827.931818181818,21,0.4772727272727273,27,8,False,0,Low Risk
A-fe79a5,Company_81,HealthTech,IN,2024-02-21,ads,Basic,9,True,False,335,10.151515151515152,96672,2929.4545454545455,17,0.5151515151515151,22,2,False,1,Low Risk
A-726cfa,Company_82,DevTools,US,2023-07-01,partner,Pro,11,False,False,993,10.13265306122449,281986,2877.408163265306,45,0.45918367346938777,40,15,False,4,High Risk
A-c43359,Company_83,FinTech,US,2024-11-16,organic,Pro,38,False,False,461,9.808510638297872,147051,3128.744680851064,32,0.6808510638297872,28,5,False,2,Medium Risk
A-271f46,Company_84,DevTools,US,2023-02-09,event,Pro,38,False,True,373,9.81578947368421,114563,3014.815789473684,16,0.42105263157894735,25,1,False,2,Medium Risk
A-157070,Company_85,FinTech,US,2023-11-09,ads,Pro,16,False,False,696,9.80281690140845,186928,2632.788732394366,26,0.36619718309859156,37,7,True,2,Medium Risk
A-40a557,Company_86,Cybersecurity,AU,2023-12-03,partner,Pro,16,True,False,402,10.307692307692308,114217,2928.641025641026,17,0.4358974358974359,25,3,False,1,Low Risk
A-66224b,Company_87,HealthTech,US,2024-10-18,other,Pro,92,True,False,626,10.262295081967213,185229,3036.5409836065573,29,0.47540983606557374,34,10,False,3,Medium Risk
A-91e948,Company_88,EdTech,AU,2023-01-29,partner,Basic,41,False,False,404,10.1,115260,2881.5,16,0.4,23,0,False,0,Low Risk
A-104f1a,Company_89,Cybersecurity,US,2024-08-17,other,Pro,24,False,False,438,9.954545454545455,156949,3567.0227272727275,22,0.5,28,2,True,2,Medium Risk
A-7988d1,Company_90,Cybersecurity,US,2023-12-20,other,Basic,33,False,False,449,9.76086956521739,138265,3005.7608695652175,28,0.6086956521739131,31,7,False,2,Medium Risk
A-faa28c,Company_91,HealthTech,US,2024-01-30,organic,Enterprise,48,False,False,585,9.915254237288135,162007,2745.8813559322034,24,0.4067796610169492,25,5,True,1,Low Risk
A-f25509,Company_92,EdTech,US,2024-03-22,other,Enterprise,32,False,False,229,9.956521739130435,73603,3200.1304347826085,15,0.6521739130434783,17,3,False,0,Low Risk
A-3a7284,Company_93,FinTech,US,2024-11-17,organic,Enterprise,31,False,False,609,10.15,191562,3192.7,30,0.5,33,9,False,2,Medium Risk
A-3a5ad8,Company_94,HealthTech,US,2023-12-05,organic,Enterprise,9,True,False,506,9.73076923076923,127878,2459.1923076923076,23,0.4423076923076923,27,7,False,1,Low Risk
A-65a46c,Company_95,HealthTech,US,2023-11-04,event,Pro,1,False,False,370,9.736842105263158,115219,3032.0789473684213,21,0.5526315789473685,24,7,False,0,Low Risk
A-8b25f2,Company_96,Cybersecurity,US,2024-02-17,ads,Pro,6,False,True,565,10.462962962962964,159394,2951.740740740741,20,0.37037037037037035,29,6,False,1,Low Risk
A-fabe19,Company_97,DevTools,UK,2024-11-11,ads,Enterprise,1,False,False,337,10.212121212121213,112966,3423.212121212121,16,0.48484848484848486,20,1,False,2,Medium Risk
A-adc1f3,Company_98,Cybersecurity,US,2024-08-05,organic,Pro,2,False,False,334,9.277777777777779,120133,3337.027777777778,26,0.7222222222222222,24,5,False,0,Low Risk
A-503d5a,Company_99,FinTech,US,2023-10-21,other,Enterprise,4,False,True,605,10.254237288135593,211565,3585.8474576271187,32,0.5423728813559322,34,6,False,2,Medium Risk
A-fd7ad3,Company_100,Cybersecurity,US,2024-11-01,event,Enterprise,1,False,False,567,10.125,171957,3070.660714285714,42,0.75,31,9,True,3,Medium Risk
A-186a44,Company_101,HealthTech,US,2023-08-07,ads,Enterprise,20,False,False,614,10.065573770491802,205539,3369.4918032786886,25,0.4098360655737705,30,7,False,1,Low Risk
A-e888d1,Company_102,Cybersecurity,US,2023-03-28,other,Pro,14,False,False,552,10.615384615384615,158087,3040.1346153846152,36,0.6923076923076923,31,5,True,3,Medium Risk
A-69fad4,Company_103,FinTech,UK,2023-04-06,ads,Basic,6,False,True,412,10.564102564102564,124646,3196.051282051282,24,0.6153846153846154,24,4,False,0,Low Risk
A-9289f6,Company_104,EdTech,US,2023-05-31,event,Enterprise,1,False,False,642,9.441176470588236,200375,2946.6911764705883,38,0.5588235294117647,33,7,False,2,Medium Risk
A-f19409,Company_105,DevTools,US,2023-03-16,other,Basic,23,False,True,659,10.629032258064516,209812,3384.064516129032,31,0.5,33,12,False,4,High Risk
A-22f2df,Company_106,DevTools,US,2024-12-14,ads,Basic,3,False,False,429,10.214285714285714,119127,2836.3571428571427,17,0.40476190476190477,25,5,False,2,Medium Risk
A-039727,Company_107,EdTech,AU,2024-11-02,organic,Pro,25,False,False,768,10.378378378378379,249545,3372.2297297297296,32,0.43243243243243246,33,3,False,2,Medium Risk
A-2e3bad,Company_108,FinTech,CA,2023-08-13,other,Pro,61,False,False,435,9.666666666666666,123738,2749.733333333333,26,0.5777777777777777,25,6,False,0,Low Risk
A-484819,Company_109,HealthTech,US,2023-02-21,organic,Pro,18,False,False,336,10.181818181818182,116076,3517.4545454545455,20,0.6060606060606061,22,3,False,0,Low Risk
A-425e76,Company_110,DevTools,UK,2023-05-17,other,Enterprise,8,False,True,438,9.125,136419,2842.0625,24,0.5,29,5,True,4,High Risk
A-e83938,Company_111,DevTools,UK,2023-11-21,other,Pro,2,True,True,266,8.580645161290322,87249,2814.483870967742,18,0.5806451612903226,22,2,False,3,Medium Risk
A-ad296b,Company_112,DevTools,AU,2024-07-15,event,Pro,38,False,False,294,9.483870967741936,103805,3348.548387096774,12,0.3870967741935484,24,2,True,3,Medium Risk
A-e51ec7,Company_113,FinTech,CA,2023-09-23,partner,Enterprise,2,False,False,417,10.425,126745,3168.625,18,0.45,26,4,False,0,Low Risk
A-0aaf6e,Company_114,FinTech,US,2024-05-11,organic,Enterprise,3,False,False,599,10.508771929824562,172442,3025.2982456140353,39,0.6842105263157895,25,6,False,1,Low Risk
A-e61e98,Company_115,FinTech,US,2023-10-20,partner,Enterprise,19,False,True,527,9.410714285714286,131994,2357.035714285714,25,0.44642857142857145,32,7,True,2,Medium Risk
A-92a333,Company_116,FinTech,US,2023-03-24,event,Enterprise,9,False,False,364,10.11111111111111,103645,2879.027777777778,30,0.8333333333333334,22,2,True,2,Medium Risk
A-95b24a,Company_117,FinTech,US,2023-06-06,event,Pro,38,False,True,611,9.85483870967742,188856,3046.064516129032,34,0.5483870967741935,32,8,False,2,Medium Risk
A-42e5e1,Company_118,DevTools,US,2024-07-09,ads,Pro,1,False,True,411,10.024390243902438,116704,2846.439024390244,41,1.0,24,2,False,3,Medium Risk
A-7d514c,Company_119,HealthTech,DE,2024-02-03,organic,Enterprise,17,False,False,502,10.458333333333334,146707,3056.3958333333335,30,0.625,30,7,False,3,Medium Risk
A-65aeb5,Company_120,DevTools,US,2024-01-25,partner,Pro,9,False,False,533,9.690909090909091,148034,2691.5272727272727,40,0.7272727272727273,30,3,False,4,High Risk
A-e2cd1b,Company_121,DevTools,US,2024-02-04,other,Enterprise,15,False,False,465,9.489795918367347,138043,2817.204081632653,18,0.3673469387755102,29,7,False,3,Medium Risk
A-180abf,Company_122,DevTools,US,2023-08-14,event,Pro,64,False,True,499,10.395833333333334,136250,2838.5416666666665,28,0.5833333333333334,29,5,False,4,High Risk
A-f17767,Company_123,DevTools,US,2023-01-30,event,Enterprise,1,True,True,713,10.333333333333334,208977,3028.6521739130435,38,0.5507246376811594,35,4,True,6,High Risk
A-5a184f,Company_124,DevTools,DE,2023-06-19,other,Enterprise,1,False,True,587,10.298245614035087,175629,3081.2105263157896,29,0.5087719298245614,30,2,False,5,High Risk
A-7df7a7,Company_125,DevTools,US,2023-01-28,organic,Basic,7,False,True,922,10.131868131868131,256811,2822.098901098901,47,0.5164835164835165,36,10,True,5,High Risk
A-1ac5e0,Company_126,DevTools,US,2024-10-20,event,Basic,33,False,True,558,9.964285714285714,167904,2998.285714285714,31,0.5535714285714286,31,7,False,4,High Risk
A-52dd88,Company_127,Cybersecurity,US,2023-02-21,ads,Pro,23,False,False,516,10.32,180823,3616.46,33,0.66,28,4,False,2,Medium Risk
A-bece89,Company_128,Cybersecurity,IN,2023-12-01,event,Pro,26,False,False,176,9.263157894736842,48112,2532.2105263157896,13,0.6842105263157895,16,2,True,1,Low Risk
A-029f69,Company_129,Cybersecurity,CA,2024-03-07,event,Basic,3,False,False,789,9.392857142857142,241275,2872.3214285714284,42,0.5,37,9,False,2,Medium Risk
A-5c046d,Company_130,EdTech,FR,2024-07-06,partner,Basic,93,False,False,475,10.326086956521738,127926,2781.0,23,0.5,27,5,False,0,Low Risk
A-fb186e,Company_131,EdTech,IN,2024-10-27,organic,Basic,29,False,False,207,10.35,72170,3608.5,7,0.35,15,3,False,0,Low Risk
A-ae052e,Company_132,FinTech,CA,2023-09-11,other,Basic,39,False,False,300,10.344827586206897,88383,3047.689655172414,12,0.41379310344827586,24,6,False,0,Low Risk
A-9f9299,Company_133,FinTech,US,2023-09-02,organic,Enterprise,28,True,False,830,9.764705882352942,258465,3040.764705882353,54,0.6352941176470588,37,10,False,3,Medium Risk
A-96e141,Company_134,DevTools,UK,2023-08-12,partner,Basic,14,False,False,346,9.61111111111111,81587,2266.3055555555557,19,0.5277777777777778,26,2,False,2,Medium Risk
A-117171,Company_135,HealthTech,FR,2024-09-12,organic,Basic,45,False,True,208,9.904761904761905,59864,2850.6666666666665,11,0.5238095238095238,15,1,True,1,Low Risk
A-313be3,Company_136,EdTech,US,2023-11-15,partner,Enterprise,47,True,False,560,9.824561403508772,164545,2886.754385964912,40,0.7017543859649122,33,3,True,4,High Risk
A-671f31,Company_137,DevTools,US,2024-11-24,ads,Basic,59,False,False,167,9.823529411764707,43449,2555.823529411765,16,0.9411764705882353,13,0,False,2,Medium Risk
A-bbc346,Company_138,FinTech,US,2024-08-29,partner,Enterprise,19,False,False,650,10.483870967741936,179376,2893.1612903225805,37,0.5967741935483871,34,6,False,2,Medium Risk
A-c16101,Company_139,EdTech,IN,2024-09-06,other,Basic,7,False,False,561,10.2,185984,3381.5272727272727,29,0.5272727272727272,31,9,True,3,Medium Risk
A-50f3f7,Company_140,HealthTech,US,2023-12-22,partner,Basic,31,False,True,685,9.51388888888889,206893,2873.5138888888887,45,0.625,30,7,True,3,Medium Risk
A-7da956,Company_141,Cybersecurity,US,2024-06-02,event,Pro,13,True,False,543,10.647058823529411,150431,2949.627450980392,35,0.6862745098039216,28,4,False,3,Medium Risk
A-019782,Company_142,DevTools,FR,2023-04-19,event,Enterprise,11,False,False,562,10.218181818181819,160848,2924.509090909091,30,0.5454545454545454,28,3,False,4,High Risk
A-df10db,Company_143,DevTools,US,2023-06-06,other,Enterprise,2,True,False,697,10.890625,214976,3359.0,40,0.625,31,2,True,6,High Risk
A-3932db,Company_144,HealthTech,CA,2023-10-04,other,Pro,19,True,True,434,9.434782608695652,134963,2933.978260869565,28,0.6086956521739131,28,4,False,3,Medium Risk
A-4f18f0,Company_145,DevTools,CA,2024-04-21,other,Pro,24,True,False,544,9.543859649122806,168051,2948.2631578947367,25,0.43859649122807015,33,6,False,4,High Risk
A-4c6f11,Company_146,FinTech,CA,2023-11-27,organic,Pro,24,True,True,268,11.166666666666666,84855,3535.625,4,0.16666666666666666,20,1,False,1,Low Risk
A-8ae05d,Company_147,FinTech,IN,2024-04-06,other,Enterprise,86,False,False,203,10.15,77446,3872.3,10,0.5,16,1,False,0,Low Risk
A-b78bf8,Company_148,DevTools,US,2024-11-15,event,Pro,33,False,False,421,10.023809523809524,123802,2947.6666666666665,11,0.2619047619047619,24,7,False,2,Medium Risk
A-eafc6e,Company_149,DevTools,US,2023-07-06,partner,Pro,27,False,True,300,9.375,90218,2819.3125,15,0.46875,23,3,False,2,Medium Risk
A-37f969,Company_150,HealthTech,IN,2023-10-14,partner,Enterprise,30,False,False,312,9.75,107852,3370.375,14,0.4375,25,5,True,1,Low Risk
A-10b8f2,Company_151,HealthTech,DE,2023-01-11,organic,Basic,47,True,False,560,10.0,173183,3092.5535714285716,23,0.4107142857142857,29,10,False,3,Medium Risk
A-439b2f,Company_152,DevTools,US,2024-02-21,ads,Enterprise,1,False,True,171,8.55,54271,2713.55,5,0.25,14,2,False,2,Medium Risk
A-544d0a,Company_153,DevTools,US,2024-05-02,organic,Basic,2,True,False,510,10.851063829787234,152826,3251.6170212765956,22,0.46808510638297873,27,7,True,4,High Risk
A-ba6516,Company_154,FinTech,US,2023-10-29,ads,Pro,27,False,False,642,10.7,213554,3559.233333333333,32,0.5333333333333333,31,8,False,2,Medium Risk
A-712426,Company_155,HealthTech,US,2024-11-10,other,Enterprise,9,False,False,696,9.942857142857143,214681,3066.8714285714286,31,0.44285714285714284,32,6,False,2,Medium Risk
A-038089,Company_156,DevTools,FR,2023-12-19,other,Pro,5,False,True,210,10.5,63673,3183.65,15,0.75,15,1,False,2,Medium Risk
A-afa505,Company_157,DevTools,US,2023-12-27,partner,Basic,70,True,False,507,9.941176470588236,162673,3189.6666666666665,28,0.5490196078431373,33,8,True,6,High Risk
A-d5a319,Company_158,FinTech,US,2023-05-04,other,Enterprise,15,False,True,604,10.23728813559322,212655,3604.322033898305,43,0.7288135593220338,32,5,True,3,Medium Risk
A-f97b9a,Company_159,FinTech,US,2023-07-09,event,Pro,16,False,False,561,10.017857142857142,173241,3093.589285714286,33,0.5892857142857143,29,6,False,2,Medium Risk
A-2f6a32,Company_160,HealthTech,US,2024-08-26,organic,Basic,19,False,False,654,9.909090909090908,207283,3140.651515151515,46,0.696969696969697,32,6,False,2,Medium Risk
A-856b1e,Company_161,FinTech,US,2023-10-31,partner,Basic,19,False,False,230,10.0,63418,2757.304347826087,24,1.0434782608695652,17,4,True,1,Low Risk
A-17939a,Company_162,HealthTech,US,2024-12-26,organic,Basic,1,False,False,440,9.361702127659575,121725,2589.8936170212764,43,0.9148936170212766,25,5,False,1,Low Risk
A-d27f50,Company_163,Cybersecurity,UK,2024-07-20,ads,Enterprise,44,False,False,481,9.62,170101,3402.02,31,0.62,29,4,False,2,Medium Risk
A-e36807,Company_164,EdTech,AU,2024-05-17,other,Pro,6,False,False,446,9.10204081632653,140849,2874.469387755102,27,0.5510204081632653,27,4,False,0,Low Risk
A-ff79f2,Company_165,DevTools,US,2024-04-25,ads,Basic,8,False,True,393,9.585365853658537,133848,3264.5853658536585,12,0.2926829268292683,24,4,False,2,Medium Risk
A-5b1bcd,Company_166,DevTools,US,2023-09-16,organic,Pro,73,False,False,869,10.104651162790697,251284,2921.906976744186,54,0.627906976744186,34,6,False,4,High Risk
A-71615e,Company_167,EdTech,US,2024-05-18,organic,Basic,15,False,False,620,10.0,194799,3141.9193548387098,41,0.6612903225806451,29,4,False,2,Medium Risk
A-794a0b,Company_168,HealthTech,DE,2023-06-02,organic,Basic,23,False,False,347,9.131578947368421,94200,2478.9473684210525,31,0.8157894736842105,28,1,False,3,Medium Risk
A-86902e,Company_169,HealthTech,IN,2023-05-02,other,Enterprise,34,False,False,628,9.968253968253968,202329,3211.5714285714284,36,0.5714285714285714,32,6,False,2,Medium Risk
A-0532a9,Company_170,FinTech,IN,2024-09-25,event,Pro,19,False,False,519,9.61111111111111,157792,2922.074074074074,30,0.5555555555555556,30,7,False,2,Medium Risk
A-9779ad,Company_171,Cybersecurity,AU,2024-03-29,event,Pro,40,True,True,413,9.604651162790697,109079,2536.720930232558,25,0.5813953488372093,29,3,False,2,Medium Risk
A-f45426,Company_172,HealthTech,US,2024-08-05,organic,Basic,9,False,False,624,10.229508196721312,191651,3141.8196721311474,49,0.8032786885245902,33,5,False,2,Medium Risk
A-c1e51e,Company_173,FinTech,US,2024-10-02,organic,Basic,3,False,False,518,10.36,152228,3044.56,36,0.72,28,7,False,2,Medium Risk
A-fa3095,Company_174,FinTech,US,2023-09-03,ads,Basic,70,False,False,600,10.169491525423728,202100,3425.423728813559,42,0.711864406779661,31,5,False,2,Medium Risk
A-ad64c6,Company_175,DevTools,UK,2024-02-23,event,Pro,12,False,False,215,10.75,79605,3980.25,18,0.9,16,2,False,2,Medium Risk
A-39b19f,Company_176,FinTech,US,2023-02-03,partner,Enterprise,1,False,False,530,9.636363636363637,135061,2455.6545454545453,37,0.6727272727272727,30,5,True,3,Medium Risk
A-56962b,Company_177,EdTech,UK,2024-04-09,partner,Enterprise,163,False,False,271,9.344827586206897,81944,2825.655172413793,25,0.8620689655172413,16,4,False,0,Low Risk
A-e60f9d,Company_178,FinTech,US,2024-08-26,other,Basic,29,False,False,629,10.14516129032258,158587,2557.8548387096776,24,0.3870967741935484,30,5,False,1,Low Risk
A-88c6ca,Company_179,FinTech,DE,2024-10-25,ads,Basic,5,False,True,446,10.372093023255815,130195,3027.7906976744184,19,0.4418604651162791,27,8,False,1,Low Risk
A-158f4e,Company_180,FinTech,IN,2023-03-03,other,Enterprise,61,False,False,453,9.244897959183673,124458,2539.9591836734694,29,0.5918367346938775,32,3,False,2,Medium Risk
A-5b051a,Company_181,Cybersecurity,US,2024-08-05,event,Enterprise,22,False,False,171,10.6875,44864,2804.0,17,1.0625,14,3,False,0,Low Risk
A-296d7c,Company_182,DevTools,DE,2023-11-08,other,Enterprise,2,False,False,357,10.818181818181818,124753,3780.3939393939395,18,0.5454545454545454,21,7,False,3,Medium Risk
A-1619f8,Company_183,DevTools,US,2024-05-20,organic,Pro,29,False,False,432,10.285714285714286,142787,3399.690476190476,26,0.6190476190476191,27,2,False,2,Medium Risk
A-a1b80b,Company_184,HealthTech,US,2023-11-27,organic,Basic,16,False,False,749,10.402777777777779,222610,3091.8055555555557,48,0.6666666666666666,33,5,False,2,Medium Risk
A-139c3b,Company_185,HealthTech,US,2024-11-21,organic,Enterprise,10,True,True,478,10.863636363636363,150601,3422.75,16,0.36363636363636365,27,7,False,1,Low Risk
A-702032,Company_186,HealthTech,US,2023-10-03,ads,Pro,28,False,False,285,10.961538461538462,91776,3529.846153846154,15,0.5769230769230769,19,1,False,0,Low Risk
A-7a0d69,Company_187,DevTools,DE,2024-06-15,ads,Enterprise,4,True,True,606,9.934426229508198,179167,2937.1639344262294,31,0.5081967213114754,31,5,False,6,High Risk
A-22d9d2,Company_188,DevTools,FR,2024-03-22,event,Pro,8,False,False,782,10.426666666666666,239679,3195.72,43,0.5733333333333334,35,6,True,5,High Risk
A-b9eed8,Company_189,Cybersecurity,US,2024-02-23,organic,Basic,11,False,False,623,10.21311475409836,168474,2761.8688524590166,55,0.9016393442622951,29,9,True,3,Medium Risk
A-dfbd31,Company_190,DevTools,UK,2023-12-04,partner,Enterprise,14,False,False,599,11.092592592592593,182273,3375.425925925926,19,0.35185185185185186,27,7,False,2,Medium Risk
A-8e47ca,Company_191,HealthTech,US,2024-02-15,organic,Pro,19,False,False,441,9.58695652173913,133497,2902.108695652174,35,0.7608695652173914,29,2,True,3,Medium Risk
A-4437e4,Company_192,Cybersecurity,US,2023-09-16,event,Enterprise,3,False,False,806,9.710843373493976,260271,3135.7951807228915,43,0.5180722891566265,37,8,True,3,Medium Risk
A-779e4e,Company_193,HealthTech,US,2023-01-02,organic,Basic,5,False,False,393,8.931818181818182,111038,2523.590909090909,20,0.45454545454545453,28,6,False,1,Low Risk
A-53f4e3,Company_194,Cybersecurity,UK,2024-06-14,event,Enterprise,13,False,False,410,9.318181818181818,127529,2898.3863636363635,45,1.0227272727272727,29,1,False,2,Medium Risk
A-692f18,Company_195,EdTech,US,2024-03-28,other,Basic,5,True,True,871,10.011494252873563,261911,3010.4712643678163,55,0.632183908045977,36,9,False,3,Medium Risk
A-13466a,Company_196,DevTools,AU,2023-10-22,event,Basic,2,False,True,205,9.318181818181818,57539,2615.409090909091,14,0.6363636363636364,17,2,True,3,Medium Risk
A-1986ca,Company_197,HealthTech,IN,2023-01-30,ads,Pro,20,False,False,362,9.783783783783784,102382,2767.0810810810813,23,0.6216216216216216,26,5,False,0,Low Risk
A-0cc442,Company_198,EdTech,US,2024-07-18,organic,Basic,45,False,False,765,9.935064935064934,230759,2996.87012987013,41,0.5324675324675324,34,7,False,2,Medium Risk
A-c608c8,Company_199,DevTools,DE,2023-04-27,ads,Pro,3,False,True,445,10.348837209302326,144345,3356.860465116279,27,0.627906976744186,29,5,False,4,High Risk
A-3be56b,Company_200,HealthTech,IN,2023-10-26,event,Pro,3,False,True,528,9.6,169908,3089.2363636363634,33,0.6,28,8,False,2,Medium Risk
A-354f12,Company_201,FinTech,US,2024-04-28,ads,Pro,1,True,False,158,10.533333333333333,48510,3234.0,3,0.2,14,1,False,1,Low Risk
A-68f37c,Company_202,HealthTech,US,2023-07-15,ads,Basic,4,False,False,624,9.6,202756,3119.3230769230768,40,0.6153846153846154,30,6,False,2,Medium Risk
A-aa9511,Company_203,DevTools,US,2023-10-10,other,Pro,23,True,False,625,9.615384615384615,189526,2915.7846153846153,35,0.5384615384615384,33,5,False,5,High Risk
A-af0cd2,Company_204,Cybersecurity,IN,2023-01-03,other,Enterprise,19,True,False,687,9.814285714285715,225366,3219.5142857142855,33,0.4714285714285714,31,8,False,3,Medium Risk
A-bd4513,Company_205,DevTools,AU,2024-11-06,event,Enterprise,50,True,False,507,9.941176470588236,157547,3089.156862745098,34,0.6666666666666666,28,4,False,5,High Risk
A-c222ab,Company_206,Cybersecurity,US,2024-05-10,other,Pro,32,False,True,435,9.666666666666666,133441,2965.3555555555554,33,0.7333333333333333,27,6,False,1,Low Risk
A-34d880,Company_207,Cybersecurity,AU,2024-04-11,ads,Enterprise,4,False,False,474,10.085106382978724,144424,3072.851063829787,40,0.851063829787234,29,3,False,2,Medium Risk
A-508199,Company_208,FinTech,AU,2024-01-28,event,Basic,19,False,False,231,9.625,80389,3349.5416666666665,15,0.625,16,2,False,0,Low Risk
A-f03140,Company_209,DevTools,IN,2023-11-22,event,Pro,27,True,False,595,10.43859649122807,196965,3455.5263157894738,22,0.38596491228070173,32,4,False,4,High Risk
A-410e86,Company_210,FinTech,US,2024-11-10,organic,Basic,24,False,False,292,9.733333333333333,107443,3581.4333333333334,21,0.7,22,3,False,0,Low Risk
A-fa2041,Company_211,HealthTech,US,2024-05-29,organic,Pro,15,True,False,552,9.049180327868852,157263,2578.0819672131147,34,0.5573770491803278,34,6,False,3,Medium Risk
A-de58ca,Company_212,HealthTech,DE,2023-04-13,organic,Enterprise,15,False,False,505,10.306122448979592,141942,2896.7755102040815,33,0.673469387755102,28,7,False,3,Medium Risk
A-05d3b3,Company_213,DevTools,AU,2023-05-28,ads,Basic,9,True,False,642,10.03125,193363,3021.296875,22,0.34375,32,4,False,4,High Risk
A-249769,Company_214,Cybersecurity,US,2024-04-25,event,Enterprise,4,False,True,678,9.970588235294118,193777,2849.6617647058824,30,0.4411764705882353,31,3,False,2,Medium Risk
A-e43bf7,Company_215,Cybersecurity,AU,2023-03-24,other,Pro,44,False,False,371,9.275,103455,2586.375,35,0.875,26,2,True,2,Medium Risk
A-eb2fdc,Company_216,DevTools,AU,2023-11-21,organic,Enterprise,31,False,True,547,10.12962962962963,174663,3234.5,17,0.3148148148148148,29,3,False,3,Medium Risk
A-e1462e,Company_217,FinTech,UK,2023-03-12,partner,Basic,15,False,False,347,9.914285714285715,98097,2802.7714285714287,22,0.6285714285714286,26,4,False,0,Low Risk
A-cab532,Company_218,DevTools,FR,2023-04-03,organic,Pro,11,True,False,1005,9.950495049504951,273639,2709.29702970297,47,0.46534653465346537,38,7,False,5,High Risk
A-9123ac,Company_219,Cybersecurity,DE,2023-06-20,organic,Pro,9,False,False,386,10.432432432432432,120014,3243.6216216216217,24,0.6486486486486487,28,4,False,2,Medium Risk
A-6e08f3,Company_220,Cybersecurity,US,2023-02-27,event,Basic,8,False,False,492,9.84,149078,2981.56,21,0.42,28,7,False,1,Low Risk
A-d922bf,Company_221,HealthTech,US,2023-09-08,ads,Basic,5,True,True,419,10.21951219512195,134119,3271.1951219512193,19,0.4634146341463415,24,3,True,2,Medium Risk
A-8ed5dd,Company_222,EdTech,UK,2023-06-29,event,Enterprise,5,False,True,545,9.909090909090908,173217,3149.4,45,0.8181818181818182,29,2,False,2,Medium Risk
A-7c6b6b,Company_223,FinTech,US,2024-11-30,other,Basic,6,False,False,311,8.885714285714286,82471,2356.3142857142857,24,0.6857142857142857,22,5,False,0,Low Risk
A-3c1a3f,Company_224,DevTools,UK,2023-08-26,event,Pro,1,False,False,497,9.745098039215685,172341,3379.235294117647,22,0.43137254901960786,31,5,False,3,Medium Risk
A-b48f73,Company_225,EdTech,AU,2024-11-13,event,Pro,80,True,False,412,9.363636363636363,118416,2691.2727272727275,23,0.5227272727272727,24,3,False,1,Low Risk
A-76fa4d,Company_226,HealthTech,US,2024-11-24,event,Pro,69,False,False,357,9.916666666666666,126251,3506.972222222222,21,0.5833333333333334,21,4,False,0,Low Risk
A-b2af2e,Company_227,Cybersecurity,UK,2024-08-24,event,Enterprise,5,False,False,174,9.666666666666666,60214,3345.222222222222,11,0.6111111111111112,14,4,False,0,Low Risk
A-9bfc9f,Company_228,DevTools,CA,2023-09-14,ads,Pro,53,False,False,376,10.162162162162161,109862,2969.2432432432433,18,0.4864864864864865,23,4,True,3,Medium Risk
A-4ae22a,Company_229,EdTech,US,2024-05-09,other,Pro,6,False,True,369,10.542857142857143,142387,4068.2,31,0.8857142857142857,24,6,False,1,Low Risk
A-fda07f,Company_230,Cybersecurity,FR,2024-08-11,partner,Basic,7,False,False,681,10.476923076923077,231376,3559.630769230769,39,0.6,31,4,False,2,Medium Risk
A-de24d5,Company_231,DevTools,US,2024-11-05,other,Enterprise,5,True,False,537,10.132075471698114,140266,2646.5283018867926,28,0.5283018867924528,29,6,False,5,High Risk
A-977ca0,Company_232,HealthTech,IN,2023-02-20,partner,Basic,6,False,True,893,10.505882352941176,242860,2857.176470588235,46,0.5411764705882353,38,13,False,2,Medium Risk
A-ab438f,Company_233,Cybersecurity,US,2024-09-13,ads,Enterprise,13,False,True,369,10.25,111452,3095.8888888888887,12,0.3333333333333333,25,3,False,0,Low Risk
A-e89151,Company_234,FinTech,UK,2023-09-14,organic,Pro,8,True,True,601,10.362068965517242,188786,3254.9310344827586,29,0.5,30,13,False,3,Medium Risk
A-40906c,Company_235,EdTech,US,2024-03-27,ads,Basic,92,False,False,685,10.873015873015873,210243,3337.190476190476,32,0.5079365079365079,32,7,False,2,Medium Risk
A-81edc3,Company_236,Cybersecurity,IN,2023-10-30,ads,Basic,5,False,False,765,10.337837837837839,245080,3311.891891891892,41,0.5540540540540541,33,11,False,2,Medium Risk
A-328bd0,Company_237,HealthTech,AU,2023-05-16,partner,Enterprise,18,False,False,568,9.311475409836065,162210,2659.1803278688526,49,0.8032786885245902,30,5,False,2,Medium Risk
A-b3fe05,Company_238,Cybersecurity,CA,2024-05-28,partner,Pro,8,False,False,438,10.186046511627907,141962,3301.4418604651164,18,0.4186046511627907,29,8,False,1,Low Risk
A-09540c,Company_239,Cybersecurity,CA,2023-10-30,event,Basic,67,True,False,297,10.607142857142858,94696,3382.0,16,0.5714285714285714,20,3,False,1,Low Risk
A-e693b6,Company_240,FinTech,AU,2023-05-25,event,Enterprise,55,False,True,681,11.163934426229508,206167,3379.7868852459014,25,0.4098360655737705,31,4,False,1,Low Risk
A-2446e3,Company_241,EdTech,IN,2024-01-10,organic,Pro,27,False,False,496,10.333333333333334,151037,3146.6041666666665,32,0.6666666666666666,28,5,False,2,Medium Risk
A-241e75,Company_242,EdTech,US,2024-07-03,partner,Enterprise,3,False,False,266,9.5,100257,3580.6071428571427,20,0.7142857142857143,17,2,False,0,Low Risk
A-922109,Company_243,Cybersecurity,US,2024-01-26,ads,Pro,3,False,False,819,10.367088607594937,274464,3474.227848101266,34,0.43037974683544306,35,4,False,2,Medium Risk
A-ff3c73,Company_244,HealthTech,AU,2023-01-26,other,Pro,21,False,False,408,10.2,143989,3599.725,23,0.575,29,5,False,1,Low Risk
A-8b0451,Company_245,FinTech,UK,2024-09-16,event,Enterprise,41,False,False,606,10.1,177930,2965.5,45,0.75,32,6,False,2,Medium Risk
A-331424,Company_246,DevTools,US,2023-11-06,organic,Basic,11,False,False,214,10.7,76170,3808.5,9,0.45,17,3,False,2,Medium Risk
A-51ec1b,Company_247,DevTools,US,2023-11-08,ads,Enterprise,7,False,False,283,10.107142857142858,111162,3970.0714285714284,12,0.42857142857142855,19,3,True,3,Medium Risk
A-bcf664,Company_248,DevTools,US,2023-05-19,other,Pro,5,False,False,575,10.267857142857142,181920,3248.5714285714284,28,0.5,31,5,True,5,High Risk
A-90a8c8,Company_249,FinTech,AU,2024-08-24,organic,Pro,15,False,False,404,9.853658536585366,127486,3109.4146341463415,20,0.4878048780487805,23,4,False,0,Low Risk
A-86cdb4,Company_250,DevTools,DE,2024-09-22,partner,Basic,2,False,False,492,10.040816326530612,167226,3412.7755102040815,24,0.4897959183673469,27,6,False,3,Medium Risk
A-4bfa33,Company_251,Cybersecurity,US,2024-12-07,event,Basic,8,True,False,329,9.13888888888889,78244,2173.4444444444443,17,0.4722222222222222,23,6,False,1,Low Risk
A-dbc825,Company_252,EdTech,FR,2024-01-07,partner,Enterprise,19,False,False,730,10.13888888888889,212801,2955.5694444444443,58,0.8055555555555556,34,8,True,3,Medium Risk
A-c70870,Company_253,Cybersecurity,US,2024-10-22,partner,Basic,31,False,False,334,9.823529411764707,106338,3127.5882352941176,18,0.5294117647058824,23,4,False,0,Low Risk
A-7c4956,Company_254,DevTools,US,2023-05-06,ads,Enterprise,5,False,True,475,10.555555555555555,129707,2882.3777777777777,40,0.8888888888888888,27,6,False,3,Medium Risk
A-0651a4,Company_255,HealthTech,FR,2024-10-16,organic,Pro,16,False,False,705,10.217391304347826,201426,2919.217391304348,37,0.5362318840579711,34,8,False,2,Medium Risk
A-3ce5b8,Company_256,FinTech,IN,2023-09-07,ads,Basic,8,False,True,509,10.18,147802,2956.04,29,0.58,29,5,False,2,Medium Risk
A-bd4708,Company_257,FinTech,US,2024-07-21,ads,Pro,37,True,False,653,10.203125,201897,3154.640625,30,0.46875,33,7,False,3,Medium Risk
A-993085,Company_258,HealthTech,US,2023-06-01,ads,Basic,31,True,False,665,9.5,216015,3085.9285714285716,50,0.7142857142857143,33,7,False,3,Medium Risk
A-92a3af,Company_259,Cybersecurity,IN,2024-07-07,organic,Enterprise,25,False,False,714,10.656716417910447,218189,3256.5522388059703,55,0.8208955223880597,35,8,True,3,Medium Risk
A-151c9a,Company_260,FinTech,US,2023-01-27,ads,Enterprise,23,False,False,366,10.764705882352942,120907,3556.0882352941176,14,0.4117647058823529,28,1,False,1,Low Risk
A-474ad4,Company_261,EdTech,US,2023-11-28,organic,Basic,8,False,False,605,9.453125,183355,2864.921875,45,0.703125,34,6,True,3,Medium Risk
A-4ef964,Company_262,HealthTech,US,2024-03-07,organic,Pro,17,False,False,487,9.938775510204081,150663,3074.7551020408164,33,0.673469387755102,31,6,False,2,Medium Risk
A-fd9422,Company_263,Cybersecurity,US,2024-04-04,organic,Pro,58,False,False,456,10.363636363636363,143313,3257.1136363636365,21,0.4772727272727273,27,5,True,1,Low Risk
A-0baac2,Company_264,FinTech,DE,2024-05-30,organic,Enterprise,14,False,True,202,9.619047619047619,73161,3483.8571428571427,9,0.42857142857142855,19,0,False,1,Low Risk
A-bb1486,Company_265,HealthTech,US,2024-11-05,organic,Basic,41,False,False,405,9.642857142857142,118945,2832.0238095238096,36,0.8571428571428571,24,5,False,1,Low Risk
A-560d27,Company_266,DevTools,US,2024-05-05,organic,Pro,23,False,False,587,9.94915254237288,185616,3146.0338983050847,38,0.6440677966101694,27,6,False,3,Medium Risk
A-0b0d6d,Company_267,DevTools,US,2024-12-30,organic,Pro,3,False,False,582,9.387096774193548,162411,2619.532258064516,48,0.7741935483870968,32,9,True,5,High Risk
A-2789e3,Company_268,FinTech,US,2024-09-14,partner,Enterprise,11,False,False,680,10.461538461538462,205877,3167.3384615384616,45,0.6923076923076923,33,6,False,2,Medium Risk
A-b07346,Company_269,HealthTech,US,2024-10-10,partner,Pro,51,False,True,326,9.878787878787879,106943,3240.6969696969695,22,0.6666666666666666,23,4,False,0,Low Risk
A-902ef7,Company_270,HealthTech,US,2024-09-03,other,Enterprise,83,False,True,414,10.35,145878,3646.95,24,0.6,31,5,False,1,Low Risk
A-20736a,Company_271,EdTech,IN,2024-03-16,organic,Enterprise,50,False,False,430,10.238095238095237,108408,2581.1428571428573,22,0.5238095238095238,22,5,False,0,Low Risk
A-e4bf56,Company_272,HealthTech,IN,2024-10-28,ads,Pro,17,False,True,339,10.272727272727273,115488,3499.6363636363635,10,0.30303030303030304,25,1,False,0,Low Risk
A-cea1f0,Company_273,FinTech,US,2024-04-07,event,Pro,8,False,True,586,10.464285714285714,161188,2878.3571428571427,28,0.5,28,9,False,2,Medium Risk
A-ef84cf,Company_274,EdTech,US,2024-03-01,partner,Enterprise,8,False,False,309,11.035714285714286,100420,3586.4285714285716,11,0.39285714285714285,21,3,True,1,Low Risk
A-d49cc5,Company_275,Cybersecurity,FR,2023-09-19,event,Basic,50,False,False,436,10.634146341463415,142933,3486.170731707317,34,0.8292682926829268,27,5,False,1,Low Risk
A-67be94,Company_276,EdTech,US,2023-04-04,organic,Enterprise,26,False,False,416,9.904761904761905,127197,3028.5,17,0.40476190476190477,26,3,False,0,Low Risk
A-4e960a,Company_277,FinTech,US,2024-01-17,other,Enterprise,12,True,True,512,10.448979591836734,153943,3141.6938775510203,21,0.42857142857142855,29,5,False,2,Medium Risk
A-c37cab,Company_278,Cybersecurity,UK,2024-07-29,event,Pro,13,False,False,708,10.114285714285714,203309,2904.4142857142856,40,0.5714285714285714,32,14,True,3,Medium Risk
A-533452,Company_279,DevTools,AU,2024-11-12,organic,Pro,9,False,False,595,9.444444444444445,172726,2741.6825396825398,44,0.6984126984126984,32,10,False,4,High Risk
A-443b7c,Company_280,Cybersecurity,US,2024-09-06,other,Enterprise,1,False,True,618,9.80952380952381,195039,3095.8571428571427,29,0.4603174603174603,28,8,False,2,Medium Risk
A-1f7acb,Company_281,FinTech,UK,2023-08-06,ads,Basic,64,True,False,510,9.622641509433961,164068,3095.622641509434,47,0.8867924528301887,26,7,False,2,Medium Risk
A-f51f16,Company_282,HealthTech,US,2023-12-25,partner,Enterprise,1,False,False,384,10.378378378378379,146093,3948.4594594594596,28,0.7567567567567568,25,3,False,1,Low Risk
A-5a3eb9,Company_283,DevTools,CA,2023-08-20,other,Enterprise,18,True,False,722,10.46376811594203,216880,3143.1884057971015,34,0.4927536231884058,34,7,False,5,High Risk
A-5f2961,Company_284,HealthTech,US,2024-11-22,partner,Basic,4,False,False,348,9.666666666666666,103023,2861.75,19,0.5277777777777778,22,2,False,0,Low Risk
A-417d2f,Company_285,Cybersecurity,IN,2023-07-04,partner,Pro,4,True,False,722,10.169014084507042,206401,2907.056338028169,31,0.43661971830985913,37,8,False,3,Medium Risk
A-e98302,Company_286,EdTech,US,2023-12-26,ads,Enterprise,16,True,False,273,9.1,88751,2958.366666666667,18,0.6,21,3,False,1,Low Risk
A-8bde0c,Company_287,DevTools,US,2024-11-04,organic,Basic,12,False,False,773,9.6625,240908,3011.35,43,0.5375,34,6,False,4,High Risk
A-bcf87c,Company_288,FinTech,US,2024-06-27,event,Pro,10,False,True,503,9.314814814814815,147590,2733.1481481481483,19,0.35185185185185186,26,7,False,0,Low Risk
A-54ecc2,Company_289,Cybersecurity,US,2023-06-11,partner,Enterprise,4,False,False,607,10.839285714285714,183498,3276.75,39,0.6964285714285714,28,6,False,2,Medium Risk
A-625d0b,Company_290,EdTech,AU,2024-09-02,ads,Basic,9,False,False,529,9.796296296296296,141489,2620.1666666666665,38,0.7037037037037037,32,6,False,2,Medium Risk
A-fce879,Company_291,EdTech,UK,2024-09-24,partner,Pro,10,True,True,299,11.074074074074074,98740,3657.037037037037,14,0.5185185185185185,25,1,False,1,Low Risk
A-b07b56,Company_292,DevTools,US,2024-11-08,event,Pro,25,False,True,633,9.890625,185462,2897.84375,39,0.609375,32,9,False,4,High Risk
A-6da850,Company_293,FinTech,IN,2023-10-07,organic,Pro,5,False,False,714,10.2,186370,2662.4285714285716,54,0.7714285714285715,30,8,False,2,Medium Risk
A-342303,Company_294,EdTech,US,2024-03-16,other,Pro,1,True,False,141,9.4,23149,1543.2666666666667,5,0.3333333333333333,12,1,False,1,Low Risk
A-e7a1e2,Company_295,Cybersecurity,US,2024-06-23,event,Enterprise,3,False,False,703,10.338235294117647,220928,3248.9411764705883,36,0.5294117647058824,36,3,False,2,Medium Risk
A-f1f639,Company_296,EdTech,US,2023-02-26,ads,Basic,2,False,False,139,9.928571428571429,43097,3078.3571428571427,10,0.7142857142857143,12,4,False,0,Low Risk
A-a865bd,Company_297,Cybersecurity,US,2023-09-19,organic,Pro,38,False,False,230,9.583333333333334,60120,2505.0,13,0.5416666666666666,19,3,False,0,Low Risk
A-4e631b,Company_298,FinTech,US,2024-03-16,other,Enterprise,22,False,False,502,10.244897959183673,154668,3156.4897959183672,29,0.5918367346938775,32,4,False,2,Medium Risk
A-7f6b86,Company_299,HealthTech,US,2023-08-24,partner,Basic,45,True,True,420,10.24390243902439,144249,3518.268292682927,14,0.34146341463414637,27,3,False,1,Low Risk
A-8adedc,Company_300,EdTech,US,2024-02-11,event,Basic,4,True,True,583,9.557377049180328,165997,2721.2622950819673,33,0.5409836065573771,32,5,False,3,Medium Risk
A-2edab2,Company_301,HealthTech,US,2023-11-17,event,Enterprise,17,False,False,487,10.361702127659575,160804,3421.3617021276596,26,0.5531914893617021,28,5,False,1,Low Risk
A-149a69,Company_302,DevTools,US,2024-10-17,event,Basic,34,False,False,208,11.555555555555555,59894,3327.4444444444443,9,0.5,18,1,False,2,Medium Risk
A-a6d261,Company_303,FinTech,CA,2023-11-29,other,Pro,9,False,False,627,9.952380952380953,189235,3003.7301587301586,29,0.4603174603174603,36,6,True,3,Medium Risk
A-443f6f,Company_304,Cybersecurity,US,2024-12-07,organic,Basic,19,False,False,527,9.410714285714286,158149,2824.089285714286,28,0.5,31,4,False,2,Medium Risk
A-202b67,Company_305,HealthTech,US,2024-03-22,organic,Pro,11,False,False,447,9.717391304347826,110514,2402.478260869565,40,0.8695652173913043,29,5,False,2,Medium Risk
A-00bed1,Company_306,Cybersecurity,US,2023-11-14,ads,Basic,28,True,False,514,10.07843137254902,143734,2818.3137254901962,27,0.5294117647058824,32,2,False,2,Medium Risk
A-ffc04f,Company_307,EdTech,US,2024-06-06,ads,Pro,13,False,False,857,9.965116279069768,277347,3224.9651162790697,64,0.7441860465116279,37,7,True,3,Medium Risk
A-65c341,Company_308,FinTech,US,2023-12-26,ads,Pro,11,True,False,410,10.789473684210526,147068,3870.2105263157896,18,0.47368421052631576,25,4,False,1,Low Risk
A-dcc2f0,Company_309,FinTech,UK,2023-07-22,organic,Basic,15,False,False,833,10.960526315789474,243699,3206.565789473684,26,0.34210526315789475,35,8,False,1,Low Risk
A-ced9aa,Company_310,DevTools,US,2024-10-05,other,Enterprise,3,False,False,531,9.654545454545454,166970,3035.818181818182,39,0.7090909090909091,33,5,False,4,High Risk
A-3d957b,Company_311,HealthTech,UK,2024-04-04,other,Pro,14,False,False,143,9.533333333333333,43699,2913.266666666667,13,0.8666666666666667,13,3,False,0,Low Risk
A-89ee83,Company_312,Cybersecurity,US,2024-10-04,organic,Pro,1,False,True,565,9.576271186440678,172626,2925.864406779661,26,0.4406779661016949,28,6,True,2,Medium Risk
A-883b7d,Company_313,Cybersecurity,IN,2024-03-28,other,Basic,17,False,False,644,9.757575757575758,189514,2871.4242424242425,40,0.6060606060606061,35,7,True,3,Medium Risk
A-dcc3f1,Company_314,HealthTech,US,2023-12-27,event,Pro,21,False,False,500,10.416666666666666,137958,2874.125,32,0.6666666666666666,31,6,False,2,Medium Risk
A-c62e55,Company_315,EdTech,US,2023-02-08,partner,Basic,1,True,False,337,10.53125,87045,2720.15625,13,0.40625,24,6,False,1,Low Risk
A-e4144b,Company_316,EdTech,UK,2024-10-22,other,Pro,41,False,False,439,10.209302325581396,133397,3102.2558139534885,21,0.4883720930232558,26,5,False,0,Low Risk
A-e40f45,Company_317,HealthTech,US,2024-04-18,organic,Pro,21,False,False,401,8.911111111111111,122954,2732.311111111111,26,0.5777777777777777,29,5,False,1,Low Risk
A-96215d,Company_318,FinTech,US,2024-08-08,event,Enterprise,10,False,False,347,10.84375,104442,3263.8125,21,0.65625,20,5,False,0,Low Risk
A-2b9d3e,Company_319,EdTech,US,2023-06-04,partner,Enterprise,1,False,False,444,9.866666666666667,142589,3168.6444444444446,19,0.4222222222222222,26,5,False,0,Low Risk
A-b7724f,Company_320,HealthTech,UK,2023-03-28,organic,Basic,1,False,False,380,10.0,93251,2453.9736842105262,16,0.42105263157894735,28,2,False,1,Low Risk
A-310452,Company_321,DevTools,FR,2024-12-25,other,Enterprise,9,False,False,268,10.72,65581,2623.24,16,0.64,20,4,False,2,Medium Risk
A-eb1312,Company_322,FinTech,US,2024-09-16,partner,Pro,25,False,False,663,10.2,188047,2893.0307692307692,38,0.5846153846153846,31,4,False,2,Medium Risk
A-df1e44,Company_323,Cybersecurity,UK,2024-02-23,organic,Enterprise,12,False,False,420,10.0,122432,2915.0476190476193,14,0.3333333333333333,25,5,False,0,Low Risk
A-6a7c9d,Company_324,Cybersecurity,US,2024-10-24,organic,Enterprise,26,False,True,189,9.947368421052632,65006,3421.3684210526317,6,0.3157894736842105,15,1,False,0,Low Risk
A-cbd1a3,Company_325,DevTools,US,2024-11-25,other,Basic,6,False,True,465,10.333333333333334,128809,2862.4222222222224,32,0.7111111111111111,29,3,False,4,High Risk
A-a8d89d,Company_326,EdTech,US,2023-12-08,ads,Pro,13,False,False,551,10.203703703703704,170966,3166.037037037037,26,0.48148148148148145,32,5,False,1,Low Risk
A-600734,Company_327,DevTools,US,2023-11-14,organic,Pro,29,True,True,660,9.565217391304348,190076,2754.7246376811595,30,0.43478260869565216,33,11,True,6,High Risk
A-86fc1d,Company_328,DevTools,UK,2024-07-26,partner,Basic,26,False,False,363,9.81081081081081,111108,3002.9189189189187,26,0.7027027027027027,26,3,False,2,Medium Risk
A-78f02b,Company_329,HealthTech,US,2024-11-17,event,Enterprise,11,False,False,211,10.55,62349,3117.45,16,0.8,17,3,False,0,Low Risk
A-acb7f7,Company_330,EdTech,US,2024-01-06,ads,Basic,32,False,False,612,9.870967741935484,176628,2848.8387096774195,36,0.5806451612903226,33,10,False,2,Medium Risk
A-712f1c,Company_331,DevTools,US,2023-12-16,ads,Basic,17,False,True,631,9.279411764705882,181302,2666.205882352941,34,0.5,32,5,False,4,High Risk
A-3793ee,Company_332,Cybersecurity,CA,2023-03-21,organic,Enterprise,49,True,False,352,9.263157894736842,97381,2562.657894736842,11,0.2894736842105263,25,1,False,1,Low Risk
A-9a532a,Company_333,HealthTech,US,2024-07-06,partner,Enterprise,11,False,False,185,10.277777777777779,75595,4199.722222222223,15,0.8333333333333334,16,4,False,0,Low Risk
A-2ebb4b,Company_334,HealthTech,US,2023-05-15,ads,Basic,41,False,False,488,9.76,143502,2870.04,33,0.66,27,7,False,1,Low Risk
A-6843f2,Company_335,HealthTech,CA,2024-12-10,ads,Enterprise,21,False,False,481,10.456521739130435,126424,2748.3478260869565,17,0.3695652173913043,24,3,False,0,Low Risk
A-c9bb3e,Company_336,EdTech,US,2024-03-24,ads,Pro,5,False,False,474,10.304347826086957,171153,3720.717391304348,20,0.43478260869565216,27,2,True,1,Low Risk
A-4814a3,Company_337,Cybersecurity,IN,2024-09-17,event,Basic,87,False,True,587,9.783333333333333,168767,2812.7833333333333,45,0.75,35,7,True,3,Medium Risk
A-b7b7b7,Company_338,FinTech,US,2024-06-30,event,Basic,24,False,True,571,10.381818181818181,166390,3025.2727272727275,26,0.4727272727272727,31,6,False,1,Low Risk
A-ccc747,Company_339,HealthTech,FR,2024-01-12,event,Pro,16,False,True,284,9.466666666666667,89582,2986.0666666666666,13,0.43333333333333335,23,3,True,1,Low Risk
A-bb3bd4,Company_340,HealthTech,US,2024-01-27,ads,Basic,23,False,False,315,10.5,93609,3120.3,11,0.36666666666666664,18,1,False,0,Low Risk
A-09316c,Company_341,FinTech,AU,2024-09-11,organic,Enterprise,70,False,False,566,10.481481481481481,149461,2767.796296296296,31,0.5740740740740741,28,5,True,3,Medium Risk
A-96bbc6,Company_342,Cybersecurity,US,2024-05-07,organic,Enterprise,39,False,False,482,9.83673469387755,152806,3118.4897959183672,25,0.5102040816326531,30,5,False,1,Low Risk
A-bc4d48,Company_343,EdTech,US,2024-06-12,ads,Pro,35,True,False,321,10.03125,89391,2793.46875,9,0.28125,24,1,True,2,Medium Risk
A-b30291,Company_344,HealthTech,US,2024-04-05,event,Basic,5,True,True,519,10.8125,161097,3356.1875,31,0.6458333333333334,26,8,False,2,Medium Risk
A-cdf020,Company_345,DevTools,AU,2023-08-16,organic,Pro,23,False,False,379,9.475,119522,2988.05,18,0.45,25,4,False,2,Medium Risk
A-e6afc1,Company_346,DevTools,US,2023-02-24,ads,Pro,1,False,False,679,9.56338028169014,196287,2764.605633802817,30,0.4225352112676056,32,6,False,4,High Risk
A-e3bd71,Company_347,Cybersecurity,US,2023-03-25,partner,Basic,31,False,False,638,10.459016393442623,187024,3065.967213114754,27,0.4426229508196721,32,3,False,1,Low Risk
A-b179bf,Company_348,Cybersecurity,IN,2024-10-27,ads,Basic,43,False,False,398,10.205128205128204,110855,2842.4358974358975,18,0.46153846153846156,23,5,False,0,Low Risk
A-098560,Company_349,DevTools,UK,2023-10-21,ads,Enterprise,1,False,True,567,10.309090909090909,174302,3169.1272727272726,32,0.5818181818181818,32,8,True,5,High Risk
A-82861f,Company_350,DevTools,UK,2024-04-25,organic,Basic,41,False,False,462,9.24,130873,2617.46,43,0.86,28,4,False,4,High Risk
A-94c3cd,Company_351,FinTech,CA,2023-09-20,other,Enterprise,32,False,False,306,9.870967741935484,104197,3361.1935483870966,18,0.5806451612903226,18,4,True,1,Low Risk
A-a33200,Company_352,HealthTech,US,2024-09-15,partner,Basic,29,False,False,517,9.4,150997,2745.4,26,0.4727272727272727,33,5,False,1,Low Risk
A-034368,Company_353,EdTech,US,2023-11-05,event,Enterprise,19,False,False,265,9.464285714285714,80423,2872.25,25,0.8928571428571429,20,4,False,0,Low Risk
A-b54c01,Company_354,DevTools,US,2024-09-29,event,Enterprise,29,False,False,226,9.826086956521738,64973,2824.913043478261,17,0.7391304347826086,15,3,False,2,Medium Risk
A-d82ef9,Company_355,EdTech,UK,2024-07-02,other,Basic,26,False,True,679,9.985294117647058,194022,2853.264705882353,46,0.6764705882352942,32,5,True,3,Medium Risk
A-bb2f49,Company_356,Cybersecurity,US,2023-05-28,other,Pro,8,False,False,618,10.3,190070,3167.8333333333335,42,0.7,31,2,False,2,Medium Risk
A-1f559b,Company_357,HealthTech,US,2023-09-04,organic,Enterprise,5,True,True,400,10.0,117267,2931.675,27,0.675,29,4,False,2,Medium Risk
A-5a215a,Company_358,EdTech,FR,2024-01-05,other,Enterprise,87,False,False,807,10.0875,271652,3395.65,71,0.8875,32,8,False,2,Medium Risk
A-3f9cc0,Company_359,HealthTech,US,2024-06-03,event,Basic,22,False,False,407,9.69047619047619,124321,2960.0238095238096,24,0.5714285714285714,25,0,True,1,Low Risk
A-f9cc74,Company_360,DevTools,FR,2024-10-12,partner,Enterprise,30,True,False,484,9.68,130826,2616.52,22,0.44,30,7,False,4,High Risk
A-ed510f,Company_361,Cybersecurity,IN,2023-01-17,partner,Basic,42,False,False,493,10.061224489795919,160744,3280.4897959183672,28,0.5714285714285714,27,5,False,1,Low Risk
A-5c9849,Company_362,EdTech,IN,2024-11-03,partner,Basic,19,False,False,473,10.282608695652174,151483,3293.108695652174,23,0.5,30,2,True,2,Medium Risk
A-a7bd4b,Company_363,Cybersecurity,US,2023-02-15,ads,Enterprise,5,False,False,576,10.472727272727273,166772,3032.2181818181816,37,0.6727272727272727,29,5,False,2,Medium Risk
A-d4ac0e,Company_364,DevTools,UK,2024-04-20,ads,Basic,18,False,False,793,9.9125,245619,3070.2375,53,0.6625,38,9,False,4,High Risk
A-ffdfd5,Company_365,EdTech,US,2024-04-13,organic,Basic,3,False,True,529,10.173076923076923,139609,2684.7884615384614,28,0.5384615384615384,29,4,False,2,Medium Risk
A-0dbdc6,Company_366,Cybersecurity,DE,2023-02-12,other,Pro,30,False,True,512,9.846153846153847,155107,2982.826923076923,31,0.5961538461538461,32,6,False,3,Medium Risk
A-7cfe77,Company_367,DevTools,US,2024-07-10,ads,Pro,69,False,False,205,10.789473684210526,57582,3030.6315789473683,11,0.5789473684210527,16,1,False,2,Medium Risk
A-1f0636,Company_368,EdTech,AU,2024-01-01,partner,Pro,105,False,False,685,10.073529411764707,212120,3119.4117647058824,30,0.4411764705882353,32,4,False,2,Medium Risk
A-40de06,Company_369,Cybersecurity,US,2023-05-08,event,Enterprise,28,False,True,902,9.912087912087912,267400,2938.4615384615386,43,0.4725274725274725,37,14,False,2,Medium Risk
A-cb5333,Company_370,DevTools,US,2024-03-26,ads,Pro,33,False,False,796,9.707317073170731,263767,3216.670731707317,34,0.4146341463414634,36,8,False,4,High Risk
A-309e54,Company_371,DevTools,US,2024-12-09,other,Pro,15,False,False,509,9.788461538461538,168199,3234.596153846154,24,0.46153846153846156,28,3,False,3,Medium Risk
A-6e7827,Company_372,DevTools,US,2023-03-26,other,Basic,1,False,False,419,10.21951219512195,123307,3007.487804878049,31,0.7560975609756098,24,3,False,3,Medium Risk
A-50bb9f,Company_373,Cybersecurity,US,2024-07-12,organic,Pro,2,False,False,276,11.5,99328,4138.666666666667,15,0.625,18,5,False,0,Low Risk
A-5fe118,Company_374,Cybersecurity,US,2024-11-07,other,Enterprise,39,False,False,233,11.095238095238095,59902,2852.4761904761904,12,0.5714285714285714,14,5,False,0,Low Risk
A-5247b3,Company_375,FinTech,UK,2024-03-12,partner,Pro,16,True,False,610,10.166666666666666,177212,2953.5333333333333,29,0.48333333333333334,32,9,False,3,Medium Risk
A-f44180,Company_376,Cybersecurity,UK,2023-02-13,event,Pro,9,False,False,520,10.0,164121,3156.173076923077,22,0.4230769230769231,27,10,False,0,Low Risk
A-c16cf7,Company_377,EdTech,US,2024-10-16,event,Pro,13,True,False,577,9.948275862068966,144846,2497.344827586207,26,0.4482758620689655,33,8,False,2,Medium Risk
A-d42431,Company_378,FinTech,FR,2024-06-09,ads,Enterprise,22,True,False,457,9.72340425531915,133864,2848.1702127659573,34,0.723404255319149,26,6,False,2,Medium Risk
A-6965e1,Company_379,DevTools,US,2024-11-25,organic,Basic,13,False,False,627,10.627118644067796,188154,3189.0508474576272,29,0.4915254237288136,27,4,False,3,Medium Risk
A-0354fe,Company_380,Cybersecurity,US,2024-10-22,other,Basic,34,False,False,463,10.28888888888889,152435,3387.4444444444443,30,0.6666666666666666,28,3,False,2,Medium Risk
A-0a62f5,Company_381,FinTech,UK,2024-09-11,partner,Pro,16,False,False,244,9.76,74890,2995.6,7,0.28,20,2,False,0,Low Risk
A-f5641b,Company_382,EdTech,US,2024-03-30,other,Pro,31,False,False,438,11.23076923076923,141649,3632.025641025641,18,0.46153846153846156,27,4,True,1,Low Risk
A-b44e3e,Company_383,Cybersecurity,UK,2024-02-12,ads,Basic,40,False,False,387,10.18421052631579,114913,3024.0263157894738,13,0.34210526315789475,20,4,False,0,Low Risk
A-3b37d9,Company_384,FinTech,US,2023-01-27,event,Enterprise,23,False,False,451,10.488372093023257,128119,2979.5116279069766,21,0.4883720930232558,26,2,False,0,Low Risk
A-54d94a,Company_385,Cybersecurity,IN,2023-05-01,event,Basic,27,False,False,582,9.864406779661017,174162,2951.898305084746,28,0.4745762711864407,30,7,False,2,Medium Risk
A-7f29a7,Company_386,Cybersecurity,UK,2024-09-18,event,Basic,41,True,False,619,9.983870967741936,177209,2858.2096774193546,38,0.6129032258064516,32,9,False,3,Medium Risk
A-089363,Company_387,FinTech,AU,2023-05-06,event,Basic,2,False,False,628,10.295081967213115,196491,3221.1639344262294,33,0.5409836065573771,30,9,False,2,Medium Risk
A-524364,Company_388,DevTools,FR,2024-12-31,partner,Enterprise,3,False,False,237,9.115384615384615,72569,2791.1153846153848,24,0.9230769230769231,18,2,False,2,Medium Risk
A-855a48,Company_389,EdTech,US,2023-12-22,partner,Pro,14,True,False,448,10.181818181818182,145908,3316.090909090909,16,0.36363636363636365,26,7,False,1,Low Risk
A-756192,Company_390,FinTech,IN,2023-06-11,other,Basic,19,False,False,617,9.640625,183585,2868.515625,43,0.671875,32,3,False,2,Medium Risk
A-49b828,Company_391,FinTech,IN,2023-05-05,ads,Pro,6,False,False,687,10.569230769230769,187183,2879.7384615384617,45,0.6923076923076923,29,10,True,3,Medium Risk
A-c7ffc2,Company_392,Cybersecurity,US,2023-01-27,partner,Pro,30,True,False,640,10.32258064516129,200957,3241.2419354838707,28,0.45161290322580644,30,6,False,3,Medium Risk
A-751c58,Company_393,FinTech,UK,2024-07-18,organic,Basic,15,False,False,574,10.830188679245284,179405,3385.0,12,0.22641509433962265,31,3,False,1,Low Risk
A-72799b,Company_394,DevTools,FR,2023-11-13,event,Enterprise,20,False,True,550,9.821428571428571,154998,2767.8214285714284,34,0.6071428571428571,31,10,True,5,High Risk
A-812c5b,Company_395,DevTools,CA,2024-02-25,organic,Basic,55,False,True,866,9.840909090909092,269595,3063.5795454545455,46,0.5227272727272727,33,11,False,4,High Risk
A-69b156,Company_396,EdTech,US,2023-11-21,other,Pro,7,False,True,360,10.0,102483,2846.75,20,0.5555555555555556,24,2,False,0,Low Risk
A-075038,Company_397,HealthTech,UK,2023-05-12,ads,Basic,17,False,False,743,10.614285714285714,198728,2838.9714285714285,31,0.44285714285714284,32,9,False,2,Medium Risk
A-940b8b,Company_398,HealthTech,DE,2024-03-19,organic,Basic,1,False,False,362,10.342857142857143,121184,3462.4,32,0.9142857142857143,23,3,False,2,Medium Risk
A-2d1036,Company_399,FinTech,US,2024-06-14,ads,Pro,69,False,True,692,10.028985507246377,181335,2628.0434782608695,40,0.5797101449275363,31,10,True,3,Medium Risk
A-0f6450,Company_400,FinTech,US,2024-12-27,other,Pro,28,True,True,539,9.981481481481481,174670,3234.6296296296296,39,0.7222222222222222,31,8,True,4,High Risk
A-9affe6,Company_401,Cybersecurity,US,2023-03-22,other,Pro,7,False,False,473,10.063829787234043,144853,3081.978723404255,16,0.3404255319148936,26,3,False,0,Low Risk
A-80eeb6,Company_402,Cybersecurity,UK,2023-05-09,organic,Enterprise,22,False,False,725,9.539473684210526,221904,2919.7894736842104,43,0.5657894736842105,38,9,True,3,Medium Risk
A-d4e0d4,Company_403,FinTech,US,2024-10-18,other,Basic,117,False,False,488,9.959183673469388,144771,2954.5102040816328,33,0.673469387755102,30,6,False,2,Medium Risk
A-c7e58b,Company_404,HealthTech,IN,2023-06-25,other,Pro,3,False,False,343,10.088235294117647,105853,3113.323529411765,18,0.5294117647058824,22,1,False,0,Low Risk
A-016043,Company_405,EdTech,CA,2024-07-31,organic,Basic,4,True,False,490,10.425531914893616,132075,2810.1063829787236,21,0.44680851063829785,26,3,False,1,Low Risk
A-bbe56f,Company_406,HealthTech,US,2023-02-16,ads,Enterprise,21,False,False,232,10.545454545454545,60604,2754.7272727272725,8,0.36363636363636365,13,4,False,0,Low Risk
A-7c5768,Company_407,HealthTech,UK,2024-03-02,event,Enterprise,3,False,False,461,10.021739130434783,142276,3092.9565217391305,31,0.6739130434782609,27,4,False,1,Low Risk
A-751bd4,Company_408,Cybersecurity,UK,2024-07-12,partner,Pro,10,False,False,92,9.2,32629,3262.9,0,0.0,9,0,True,1,Low Risk
A-4e0e85,Company_409,DevTools,US,2023-09-08,organic,Enterprise,6,False,False,288,9.290322580645162,80419,2594.1612903225805,9,0.2903225806451613,20,2,False,2,Medium Risk
A-ad3abd,Company_410,FinTech,US,2023-03-03,event,Pro,44,False,False,296,10.206896551724139,94866,3271.2413793103447,11,0.3793103448275862,20,1,False,0,Low Risk
A-e19ff6,Company_411,Cybersecurity,UK,2023-07-28,partner,Enterprise,1,False,False,456,10.133333333333333,144844,3218.7555555555555,24,0.5333333333333333,26,1,False,0,Low Risk
A-7920cc,Company_412,Cybersecurity,FR,2023-11-23,ads,Pro,39,False,False,601,9.693548387096774,177512,2863.0967741935483,28,0.45161290322580644,32,4,False,2,Medium Risk
A-5a92e7,Company_413,HealthTech,US,2024-06-11,ads,Pro,4,False,False,885,10.411764705882353,276337,3251.0235294117647,76,0.8941176470588236,37,8,False,2,Medium Risk
A-fdfc91,Company_414,Cybersecurity,US,2023-05-06,ads,Basic,29,False,False,564,10.071428571428571,158143,2823.9821428571427,29,0.5178571428571429,32,1,False,2,Medium Risk
A-1e50e0,Company_415,Cybersecurity,DE,2023-02-21,other,Pro,19,True,True,194,9.7,62650,3132.5,15,0.75,17,2,True,3,Medium Risk
A-1e1b80,Company_416,FinTech,CA,2023-09-12,other,Enterprise,50,False,False,682,10.029411764705882,209315,3078.1617647058824,47,0.6911764705882353,34,2,False,2,Medium Risk
A-659280,Company_417,FinTech,IN,2023-11-17,event,Enterprise,13,True,True,613,10.216666666666667,186122,3102.0333333333333,34,0.5666666666666667,30,6,False,3,Medium Risk
A-f6b2fb,Company_418,DevTools,AU,2024-04-23,event,Basic,23,False,False,524,9.527272727272727,158412,2880.2181818181816,37,0.6727272727272727,29,8,True,5,High Risk
A-cb6cc6,Company_419,DevTools,US,2023-04-03,ads,Basic,13,True,False,314,8.971428571428572,101719,2906.2571428571428,26,0.7428571428571429,21,0,False,3,Medium Risk
A-d62e02,Company_420,Cybersecurity,US,2024-08-20,partner,Pro,6,False,False,344,10.117647058823529,126757,3728.1470588235293,23,0.6764705882352942,25,4,False,0,Low Risk
A-d535f6,Company_421,DevTools,US,2024-09-03,organic,Basic,12,True,True,477,10.148936170212766,146053,3107.5106382978724,29,0.6170212765957447,26,4,False,4,High Risk
A-39868b,Company_422,FinTech,AU,2024-03-17,partner,Pro,9,False,False,305,10.892857142857142,106292,3796.1428571428573,21,0.75,22,5,False,0,Low Risk
A-3cc791,Company_423,EdTech,US,2024-01-10,other,Enterprise,6,False,False,447,9.717391304347826,149032,3239.8260869565215,30,0.6521739130434783,28,5,True,3,Medium Risk
A-337bc1,Company_424,Cybersecurity,US,2023-07-19,organic,Pro,30,True,False,425,9.883720930232558,141115,3281.7441860465115,34,0.7906976744186046,27,4,True,3,Medium Risk
A-58b9ff,Company_425,DevTools,IN,2024-05-31,partner,Enterprise,2,False,False,667,10.261538461538462,200727,3088.107692307692,32,0.49230769230769234,28,7,True,5,High Risk
A-bf7919,Company_426,HealthTech,US,2024-11-27,organic,Pro,3,False,False,262,10.076923076923077,77458,2979.153846153846,14,0.5384615384615384,23,4,False,0,Low Risk
A-1d5444,Company_427,Cybersecurity,US,2024-01-18,partner,Basic,24,False,True,592,10.033898305084746,182031,3085.271186440678,35,0.5932203389830508,28,6,False,2,Medium Risk
A-0f3e88,Company_428,HealthTech,US,2023-07-23,other,Basic,7,False,True,598,10.135593220338983,176630,2993.728813559322,28,0.4745762711864407,32,6,False,2,Medium Risk
A-7641d3,Company_429,EdTech,US,2023-02-16,partner,Pro,8,True,True,519,10.38,164755,3295.1,26,0.52,28,4,True,3,Medium Risk
A-cd458b,Company_430,DevTools,US,2024-06-15,other,Basic,10,True,False,864,10.285714285714286,266624,3174.095238095238,45,0.5357142857142857,34,2,False,5,High Risk
A-c16b88,Company_431,HealthTech,US,2023-12-02,event,Enterprise,23,False,False,457,9.520833333333334,154959,3228.3125,24,0.5,28,6,False,1,Low Risk
A-59f724,Company_432,HealthTech,US,2023-11-03,other,Enterprise,3,True,False,696,10.235294117647058,221691,3260.1617647058824,47,0.6911764705882353,33,6,False,3,Medium Risk
A-87aa7b,Company_433,HealthTech,US,2024-05-16,organic,Pro,24,True,False,742,10.305555555555555,210545,2924.2361111111113,35,0.4861111111111111,31,6,True,4,High Risk
A-1e6fc3,Company_434,EdTech,FR,2023-12-06,other,Pro,1,False,False,244,9.384615384615385,85274,3279.769230769231,19,0.7307692307692307,19,1,False,0,Low Risk
A-39ddf4,Company_435,EdTech,US,2024-12-05,partner,Enterprise,40,False,False,455,9.891304347826088,139654,3035.9565217391305,36,0.782608695652174,27,6,False,1,Low Risk
A-34ea2f,Company_436,HealthTech,US,2024-08-15,organic,Enterprise,8,False,True,550,9.649122807017545,175157,3072.9298245614036,30,0.5263157894736842,29,3,False,2,Medium Risk
A-716841,Company_437,FinTech,US,2024-05-06,other,Pro,45,False,False,344,10.117647058823529,111161,3269.4411764705883,13,0.38235294117647056,26,1,False,0,Low Risk
A-558c72,Company_438,FinTech,US,2023-06-01,organic,Basic,12,False,False,296,9.866666666666667,83537,2784.5666666666666,16,0.5333333333333333,19,4,True,1,Low Risk
A-b11cd0,Company_439,DevTools,US,2023-01-20,ads,Pro,26,True,True,278,9.586206896551724,85711,2955.551724137931,16,0.5517241379310345,21,1,False,3,Medium Risk
A-cc1d8d,Company_440,FinTech,US,2024-12-08,other,Pro,5,False,False,618,9.80952380952381,204365,3243.8888888888887,48,0.7619047619047619,33,11,False,2,Medium Risk
A-7f4db3,Company_441,FinTech,US,2023-03-05,other,Pro,4,False,False,844,9.377777777777778,278000,3088.8888888888887,46,0.5111111111111111,36,6,True,3,Medium Risk
A-db5e9e,Company_442,DevTools,US,2024-11-09,partner,Basic,4,False,False,586,10.280701754385966,170855,2997.4561403508774,27,0.47368421052631576,29,7,False,3,Medium Risk
A-cc102e,Company_443,HealthTech,US,2024-04-15,partner,Enterprise,13,False,False,394,9.162790697674419,121564,2827.0697674418607,39,0.9069767441860465,26,5,False,1,Low Risk
A-82d8a6,Company_444,Cybersecurity,UK,2024-11-28,ads,Basic,5,False,False,661,9.442857142857143,198538,2836.2571428571428,38,0.5428571428571428,32,9,False,2,Medium Risk
A-dec005,Company_445,HealthTech,US,2023-10-13,partner,Pro,21,False,False,475,9.313725490196079,145213,2847.3137254901962,44,0.8627450980392157,31,6,False,2,Medium Risk
A-5790f4,Company_446,FinTech,UK,2024-12-22,event,Pro,1,True,False,321,9.17142857142857,95888,2739.657142857143,26,0.7428571428571429,25,2,True,2,Medium Risk
A-7c83a1,Company_447,Cybersecurity,US,2024-05-06,partner,Pro,12,False,False,632,10.193548387096774,203509,3282.4032258064517,23,0.3709677419354839,29,4,False,1,Low Risk
A-297a2d,Company_448,HealthTech,UK,2023-05-05,event,Pro,27,False,False,244,9.76,70412,2816.48,22,0.88,23,6,False,0,Low Risk
A-4c56c9,Company_449,FinTech,US,2023-12-20,partner,Enterprise,9,False,True,623,9.734375,195927,3061.359375,38,0.59375,34,7,False,2,Medium Risk
A-cbbe12,Company_450,Cybersecurity,DE,2023-03-22,partner,Enterprise,40,False,False,178,8.090909090909092,49983,2271.9545454545455,10,0.45454545454545453,14,0,False,1,Low Risk
A-4a267b,Company_451,FinTech,US,2024-05-05,other,Pro,25,False,False,498,9.96,150984,3019.68,22,0.44,31,7,False,1,Low Risk
A-bcbe98,Company_452,Cybersecurity,US,2024-07-29,other,Enterprise,46,False,False,635,9.76923076923077,173619,2671.0615384615385,43,0.6615384615384615,34,12,True,3,Medium Risk
A-427b69,Company_453,FinTech,US,2024-08-23,other,Basic,17,False,False,698,9.971428571428572,215804,3082.9142857142856,36,0.5142857142857142,32,11,False,2,Medium Risk
A-0be015,Company_454,FinTech,US,2024-10-15,event,Pro,19,False,False,297,10.607142857142858,88205,3150.1785714285716,13,0.4642857142857143,19,3,True,1,Low Risk
A-054577,Company_455,EdTech,UK,2024-04-28,ads,Basic,2,False,False,833,9.8,219747,2585.258823529412,52,0.611764705882353,36,10,False,2,Medium Risk
A-bc87bc,Company_456,FinTech,US,2024-07-17,event,Pro,3,False,False,394,10.944444444444445,135160,3754.4444444444443,14,0.3888888888888889,24,3,False,0,Low Risk
A-0f7d77,Company_457,FinTech,IN,2024-10-28,partner,Pro,3,False,False,298,9.933333333333334,93933,3131.1,19,0.6333333333333333,23,1,False,0,Low Risk
A-e7beab,Company_458,EdTech,DE,2023-10-20,organic,Enterprise,5,False,False,373,10.36111111111111,131074,3640.9444444444443,17,0.4722222222222222,22,2,False,1,Low Risk
A-a09355,Company_459,FinTech,US,2024-08-10,organic,Basic,14,False,False,788,10.102564102564102,217064,2782.871794871795,47,0.6025641025641025,33,8,False,2,Medium Risk
A-31ab9a,Company_460,FinTech,DE,2024-03-03,organic,Pro,3,False,False,340,10.0,129917,3821.0882352941176,23,0.6764705882352942,19,4,False,1,Low Risk
A-0158bb,Company_461,FinTech,DE,2024-05-22,partner,Basic,5,False,False,364,10.11111111111111,122051,3390.3055555555557,22,0.6111111111111112,19,3,False,1,Low Risk
A-f19b24,Company_462,Cybersecurity,US,2023-01-10,organic,Pro,29,True,False,119,9.916666666666666,46012,3834.3333333333335,10,0.8333333333333334,12,0,True,2,Medium Risk
A-798a3f,Company_463,DevTools,FR,2023-10-19,other,Enterprise,12,False,True,352,9.513513513513514,105146,2841.7837837837837,19,0.5135135135135135,19,3,False,2,Medium Risk
A-42b791,Company_464,FinTech,AU,2024-05-20,event,Pro,3,False,False,312,9.75,84693,2646.65625,6,0.1875,19,2,False,0,Low Risk
A-068fc6,Company_465,EdTech,US,2023-07-17,event,Enterprise,35,False,False,598,10.135593220338983,189037,3204.0169491525426,29,0.4915254237288136,32,5,False,2,Medium Risk
A-6f50ae,Company_466,FinTech,US,2023-09-21,partner,Pro,19,False,True,811,9.771084337349398,240012,2891.710843373494,48,0.5783132530120482,35,5,False,2,Medium Risk
A-a2485e,Company_467,FinTech,US,2024-08-04,event,Pro,3,True,False,317,11.321428571428571,102647,3665.964285714286,13,0.4642857142857143,22,5,False,1,Low Risk
A-bb1eaa,Company_468,Cybersecurity,US,2024-06-11,organic,Basic,21,False,False,164,9.647058823529411,45337,2666.8823529411766,7,0.4117647058823529,15,2,False,0,Low Risk
A-cc98bc,Company_469,DevTools,US,2023-05-24,ads,Basic,32,False,False,551,10.39622641509434,160470,3027.735849056604,24,0.4528301886792453,29,3,False,3,Medium Risk
A-d77f4c,Company_470,DevTools,US,2023-09-25,partner,Pro,4,True,False,617,9.951612903225806,182046,2936.2258064516127,32,0.5161290322580645,31,6,False,5,High Risk
A-ccabf0,Company_471,HealthTech,IN,2023-11-06,organic,Pro,1,False,False,506,10.12,169088,3381.76,29,0.58,31,8,False,2,Medium Risk
A-700ade,Company_472,Cybersecurity,UK,2024-10-31,organic,Enterprise,1,True,False,284,9.793103448275861,85381,2944.1724137931033,18,0.6206896551724138,20,2,False,1,Low Risk
A-4a4c2d,Company_473,DevTools,US,2023-05-02,event,Enterprise,54,False,False,587,9.94915254237288,164208,2783.186440677966,37,0.6271186440677966,28,1,False,4,High Risk
A-b7ef83,Company_474,Cybersecurity,UK,2024-05-29,partner,Pro,1,True,False,738,10.25,216777,3010.7916666666665,39,0.5416666666666666,34,8,False,3,Medium Risk
A-e08cd3,Company_475,FinTech,US,2024-09-21,ads,Pro,67,True,False,432,10.046511627906977,138064,3210.7906976744184,21,0.4883720930232558,30,7,False,2,Medium Risk
A-19b2c8,Company_476,DevTools,IN,2023-06-06,other,Pro,20,False,False,601,9.53968253968254,188401,2990.4920634920636,34,0.5396825396825397,31,4,False,4,High Risk
A-970c97,Company_477,HealthTech,DE,2024-03-01,other,Enterprise,14,False,False,444,10.090909090909092,133732,3039.3636363636365,24,0.5454545454545454,26,2,False,1,Low Risk
A-6dee43,Company_478,FinTech,UK,2023-08-12,other,Basic,3,True,False,461,9.604166666666666,142536,2969.5,11,0.22916666666666666,28,2,False,2,Medium Risk
A-5ed98d,Company_479,DevTools,US,2024-06-22,partner,Basic,24,False,False,312,9.75,90314,2822.3125,18,0.5625,23,2,False,2,Medium Risk
A-c58f49,Company_480,EdTech,US,2024-07-31,other,Enterprise,70,True,False,363,9.552631578947368,108540,2856.315789473684,22,0.5789473684210527,24,3,True,2,Medium Risk
A-9c18c4,Company_481,HealthTech,US,2023-07-27,ads,Pro,11,False,True,556,9.928571428571429,178453,3186.660714285714,37,0.6607142857142857,30,4,False,2,Medium Risk
A-cc8c8f,Company_482,DevTools,US,2024-06-16,ads,Enterprise,23,False,False,268,9.571428571428571,66983,2392.25,18,0.6428571428571429,20,1,False,2,Medium Risk
A-5f7781,Company_483,DevTools,US,2024-08-20,other,Pro,22,False,False,183,10.166666666666666,69505,3861.3888888888887,10,0.5555555555555556,16,2,False,2,Medium Risk
A-e1b9cd,Company_484,DevTools,US,2023-02-26,event,Pro,40,False,True,840,10.5,243616,3045.2,47,0.5875,34,9,False,4,High Risk
A-ac85cd,Company_485,EdTech,US,2024-07-31,partner,Enterprise,53,False,False,634,10.063492063492063,176002,2793.6825396825398,29,0.4603174603174603,30,5,False,2,Medium Risk
A-d792a6,Company_486,DevTools,US,2023-01-23,organic,Enterprise,4,False,False,690,10.147058823529411,203395,2991.1029411764707,40,0.5882352941176471,32,7,False,4,High Risk
A-ac9111,Company_487,HealthTech,US,2023-08-12,event,Pro,21,True,False,808,9.734939759036145,254330,3064.2168674698796,46,0.5542168674698795,36,10,False,3,Medium Risk
A-18793f,Company_488,EdTech,US,2024-12-18,organic,Basic,148,True,False,486,10.125,168310,3506.4583333333335,20,0.4166666666666667,30,4,False,2,Medium Risk
A-9f0b68,Company_489,EdTech,US,2024-04-28,ads,Basic,10,False,False,709,10.128571428571428,194123,2773.1857142857143,33,0.4714285714285714,36,12,False,2,Medium Risk
A-d3c88e,Company_490,DevTools,US,2024-10-18,event,Pro,16,False,False,644,10.0625,204483,3195.046875,48,0.75,33,11,False,4,High Risk
A-ccb686,Company_491,DevTools,US,2024-01-22,other,Basic,10,False,False,721,10.3,203848,2912.114285714286,46,0.6571428571428571,35,8,False,4,High Risk
A-118f1c,Company_492,Cybersecurity,US,2024-10-31,other,Pro,32,False,False,369,9.710526315789474,96816,2547.7894736842104,14,0.3684210526315789,22,2,False,0,Low Risk
A-0e966d,Company_493,FinTech,IN,2024-06-25,ads,Basic,11,False,True,636,9.9375,197685,3088.828125,34,0.53125,31,11,True,3,Medium Risk
A-b9f5b1,Company_494,Cybersecurity,US,2023-01-24,other,Pro,15,True,False,307,10.233333333333333,90576,3019.2,12,0.4,21,3,True,2,Medium Risk
A-8ae3fc,Company_495,DevTools,CA,2024-06-28,ads,Pro,9,False,False,402,10.307692307692308,130242,3339.5384615384614,30,0.7692307692307693,26,5,False,3,Medium Risk
A-55f257,Company_496,FinTech,US,2023-12-21,organic,Basic,9,False,False,476,8.981132075471699,145972,2754.188679245283,25,0.4716981132075472,31,6,False,1,Low Risk
A-d26ab4,Company_497,DevTools,UK,2024-11-07,organic,Basic,9,False,True,458,9.956521739130435,121379,2638.6739130434785,24,0.5217391304347826,24,3,False,2,Medium Risk
A-712533,Company_498,EdTech,US,2023-07-31,organic,Pro,18,False,False,571,10.381818181818181,180056,3273.7454545454543,35,0.6363636363636364,32,4,False,2,Medium Risk
A-781cc0,Company_499,EdTech,US,2024-09-04,organic,Pro,12,False,False,864,9.931034482758621,270008,3103.5402298850577,42,0.4827586206896552,31,7,False,2,Medium Risk
